Open Time,Open,High,Low,Close
2017-11-17 01:00:00,0.00536500,0.03250000,0.00536500,0.00622300
2017-11-18 01:00:00,0.00634700,0.00674400,0.00611000,0.00630000
2017-11-19 01:00:00,0.00630000,0.00658700,0.00560900,0.00625400
2017-11-20 01:00:00,0.00617800,0.00694600,0.00589900,0.00645600
2017-11-21 01:00:00,0.00648900,0.00697900,0.00611100,0.00625500
2017-11-22 01:00:00,0.00629900,0.00949900,0.00602500,0.00711600
2017-11-23 01:00:00,0.00713000,0.00776000,0.00606000,0.00611800
2017-11-24 01:00:00,0.00612500,0.00700000,0.00595100,0.00597600
2017-11-25 01:00:00,0.00598000,0.00664800,0.00561400,0.00643900
2017-11-26 01:00:00,0.00643900,0.00688000,0.00616000,0.00624100
2017-11-27 01:00:00,0.00622600,0.00656800,0.00585200,0.00625200
2017-11-28 01:00:00,0.00613900,0.00660000,0.00592600,0.00611700
2017-11-29 01:00:00,0.00608900,0.00777700,0.00555000,0.00638100
2017-11-30 01:00:00,0.00620200,0.00737900,0.00616100,0.00653400
2017-12-01 01:00:00,0.00653400,0.00677000,0.00610000,0.00628200
2017-12-02 01:00:00,0.00628200,0.00666600,0.00614400,0.00615400
2017-12-03 01:00:00,0.00626100,0.00651200,0.00600000,0.00615700
2017-12-04 01:00:00,0.00609500,0.00625000,0.00568000,0.00596900
2017-12-05 01:00:00,0.00597900,0.00609600,0.00551900,0.00557300
2017-12-06 01:00:00,0.00565800,0.00690000,0.00550000,0.00610000
2017-12-07 01:00:00,0.00610000,0.00627300,0.00572700,0.00602800
2017-12-08 01:00:00,0.00610000,0.00610300,0.00527600,0.00550300
2017-12-09 01:00:00,0.00550300,0.00580000,0.00465000,0.00528900
2017-12-10 01:00:00,0.00523500,0.00533900,0.00472100,0.00492100
2017-12-11 01:00:00,0.00492100,0.00514300,0.00446900,0.00446900
2017-12-12 01:00:00,0.00446900,0.00457100,0.00341900,0.00398500
2017-12-13 01:00:00,0.00398300,0.00459400,0.00352700,0.00384500
2017-12-14 01:00:00,0.00382300,0.00445000,0.00325900,0.00421300
2017-12-15 01:00:00,0.00421300,0.00607700,0.00400000,0.00534800
2017-12-16 01:00:00,0.00534800,0.00665900,0.00508000,0.00638900
2017-12-17 01:00:00,0.00641600,0.00789000,0.00570100,0.00714400
2017-12-18 01:00:00,0.00714400,0.01160000,0.00645600,0.00952100
2017-12-19 01:00:00,0.00960000,0.00970000,0.00760100,0.00813600
2017-12-20 01:00:00,0.00802500,0.00996300,0.00720000,0.00842800
2017-12-21 01:00:00,0.00842800,0.00874400,0.00726000,0.00763000
2017-12-22 01:00:00,0.00763000,0.00794000,0.00721000,0.00766000
2017-12-23 01:00:00,0.00764900,0.00765300,0.00700200,0.00711500
2017-12-24 01:00:00,0.00711500,0.00728400,0.00680000,0.00695400
2017-12-25 01:00:00,0.00696100,0.00706400,0.00651000,0.00662900
2017-12-26 01:00:00,0.00671400,0.00704800,0.00650000,0.00704800
2017-12-27 01:00:00,0.00704800,0.00917700,0.00698000,0.00771000
2017-12-28 01:00:00,0.00771100,0.00788000,0.00680000,0.00693200
2017-12-29 01:00:00,0.00693200,0.00800000,0.00679900,0.00723300
2017-12-30 01:00:00,0.00722800,0.00725100,0.00659800,0.00670400
2017-12-31 01:00:00,0.00670400,0.00742300,0.00650000,0.00706800
2018-01-01 01:00:00,0.00706800,0.00712300,0.00620000,0.00650200
2018-01-02 01:00:00,0.00650200,0.00740000,0.00574100,0.00668000
2018-01-03 01:00:00,0.00668100,0.00917600,0.00640000,0.00890500
2018-01-04 01:00:00,0.00895400,0.00917300,0.00715000,0.00850100
2018-01-05 01:00:00,0.00854400,0.00869800,0.00673800,0.00747300
2018-01-06 01:00:00,0.00747400,0.01000000,0.00708900,0.00975000
2018-01-07 01:00:00,0.00969900,0.01180000,0.00725000,0.00761000
2018-01-08 01:00:00,0.00768600,0.00768600,0.00644000,0.00658100
2018-01-09 01:00:00,0.00667500,0.00700800,0.00559100,0.00581500
2018-01-10 01:00:00,0.00590000,0.00618300,0.00500000,0.00618200
2018-01-11 01:00:00,0.00611100,0.00860000,0.00569900,0.00796800
2018-01-12 01:00:00,0.00797400,0.00869900,0.00680800,0.00699600
2018-01-13 01:00:00,0.00701400,0.00808500,0.00655600,0.00722700
2018-01-14 01:00:00,0.00720300,0.00730500,0.00583000,0.00624000
2018-01-15 01:00:00,0.00619500,0.00655000,0.00562300,0.00565500
2018-01-16 01:00:00,0.00565500,0.00573100,0.00488800,0.00509500
2018-01-17 01:00:00,0.00509500,0.00539900,0.00473500,0.00509500
2018-01-18 01:00:00,0.00510300,0.00531800,0.00470000,0.00496300
2018-01-19 01:00:00,0.00498100,0.00554900,0.00470000,0.00551300
2018-01-20 01:00:00,0.00552600,0.00566500,0.00490000,0.00506400
2018-01-21 01:00:00,0.00506500,0.00512500,0.00451900,0.00467700
2018-01-22 01:00:00,0.00467700,0.00485900,0.00450000,0.00482800
2018-01-23 01:00:00,0.00484000,0.00523300,0.00450000,0.00472000
2018-01-24 01:00:00,0.00471600,0.00511900,0.00463600,0.00479200
2018-01-25 01:00:00,0.00479200,0.00516400,0.00470500,0.00494500
2018-01-26 01:00:00,0.00497600,0.00531300,0.00480000,0.00498100
2018-01-27 01:00:00,0.00494000,0.00504300,0.00471500,0.00478100
2018-01-28 01:00:00,0.00477500,0.00495500,0.00426900,0.00437100
2018-01-29 01:00:00,0.00437100,0.00464200,0.00426900,0.00452500
2018-01-30 01:00:00,0.00452500,0.00456000,0.00400300,0.00403500
2018-01-31 01:00:00,0.00403300,0.00419000,0.00397100,0.00405400
2018-02-01 01:00:00,0.00405900,0.00424300,0.00352900,0.00406400
2018-02-02 01:00:00,0.00406400,0.00515900,0.00401800,0.00477600
2018-02-03 01:00:00,0.00477600,0.00552400,0.00477500,0.00501200
2018-02-04 01:00:00,0.00501200,0.00519900,0.00493000,0.00512400
2018-02-05 01:00:00,0.00512400,0.00516000,0.00475700,0.00491300
2018-02-06 01:00:00,0.00491400,0.00518600,0.00484100,0.00495800
2018-02-07 01:00:00,0.00496700,0.00515600,0.00486800,0.00511500
2018-02-08 01:00:00,0.00511500,0.00513700,0.00508300,0.00511000
2018-02-09 01:00:00,0.00506300,0.00534900,0.00420000,0.00515600
2018-02-10 01:00:00,0.00515600,0.00560000,0.00513500,0.00556800
2018-02-11 01:00:00,0.00557000,0.00634000,0.00536000,0.00572000
2018-02-12 01:00:00,0.00571800,0.00572000,0.00545800,0.00556400
2018-02-13 01:00:00,0.00556500,0.00557500,0.00531100,0.00537900
2018-02-14 01:00:00,0.00537900,0.00548300,0.00525200,0.00529800
2018-02-15 01:00:00,0.00529800,0.00530700,0.00504700,0.00521400
2018-02-16 01:00:00,0.00518100,0.00530900,0.00500000,0.00528400
2018-02-17 01:00:00,0.00528700,0.00537000,0.00506700,0.00514500
2018-02-18 01:00:00,0.00513700,0.00517000,0.00501300,0.00503300
2018-02-19 01:00:00,0.00504600,0.00537000,0.00501300,0.00520300
2018-02-20 01:00:00,0.00520300,0.00538800,0.00500000,0.00515900
2018-02-21 01:00:00,0.00516000,0.00527700,0.00480200,0.00485700
2018-02-22 01:00:00,0.00485600,0.00513500,0.00483200,0.00502300
2018-02-23 01:00:00,0.00501000,0.00504300,0.00472400,0.00490000
2018-02-24 01:00:00,0.00490900,0.00499000,0.00471900,0.00476900
2018-02-25 01:00:00,0.00477000,0.00478700,0.00457000,0.00461900
2018-02-26 01:00:00,0.00461900,0.00483500,0.00450000,0.00476700
2018-02-27 01:00:00,0.00476200,0.00477200,0.00462000,0.00467800
2018-02-28 01:00:00,0.00467800,0.00480900,0.00463300,0.00463600
2018-03-01 01:00:00,0.00464300,0.00481000,0.00463400,0.00476800
2018-03-02 01:00:00,0.00478000,0.00481100,0.00454900,0.00461000
2018-03-03 01:00:00,0.00461000,0.00462700,0.00445100,0.00450300
2018-03-04 01:00:00,0.00450300,0.00459800,0.00441900,0.00453500
2018-03-05 01:00:00,0.00453700,0.00459000,0.00444300,0.00446000
2018-03-06 01:00:00,0.00447200,0.00449200,0.00430000,0.00433400
2018-03-07 01:00:00,0.00433400,0.00440000,0.00420000,0.00422000
2018-03-08 01:00:00,0.00422000,0.00430400,0.00407600,0.00418300
2018-03-09 01:00:00,0.00418900,0.00424700,0.00402600,0.00405300
2018-03-10 01:00:00,0.00405000,0.00412900,0.00402800,0.00407200
2018-03-11 01:00:00,0.00407600,0.00425900,0.00405000,0.00424300
2018-03-12 01:00:00,0.00424200,0.00425900,0.00403300,0.00407000
2018-03-13 01:00:00,0.00406900,0.00426600,0.00404000,0.00426500
2018-03-14 01:00:00,0.00424800,0.00462700,0.00420700,0.00449500
2018-03-15 01:00:00,0.00449200,0.00468800,0.00436800,0.00437500
2018-03-16 01:00:00,0.00439400,0.00454500,0.00435900,0.00440600
2018-03-17 01:00:00,0.00437500,0.00453200,0.00434600,0.00448700
2018-03-18 01:00:00,0.00448700,0.00473800,0.00436900,0.00452400
2018-03-19 01:00:00,0.00454100,0.00481000,0.00440700,0.00476900
2018-03-20 01:00:00,0.00477200,0.00500000,0.00475200,0.00494400
2018-03-21 01:00:00,0.00494500,0.00508600,0.00482900,0.00503400
2018-03-22 01:00:00,0.00504700,0.00505600,0.00482200,0.00494300
2018-03-23 01:00:00,0.00494300,0.00509300,0.00485300,0.00506900
2018-03-24 01:00:00,0.00506900,0.00522800,0.00500700,0.00516500
2018-03-25 01:00:00,0.00516500,0.00528500,0.00502100,0.00514100
2018-03-26 02:00:00,0.00511900,0.00595800,0.00510400,0.00569300
2018-03-27 02:00:00,0.00571200,0.00653100,0.00567200,0.00608300
2018-03-28 02:00:00,0.00608800,0.00656200,0.00606500,0.00637500
2018-03-29 02:00:00,0.00637600,0.00670400,0.00625000,0.00670400
2018-03-30 02:00:00,0.00670400,0.00716600,0.00662500,0.00672500
2018-03-31 02:00:00,0.00672300,0.00680900,0.00652800,0.00678100
2018-04-01 02:00:00,0.00679200,0.00686400,0.00656200,0.00680600
2018-04-02 02:00:00,0.00680600,0.00690000,0.00671800,0.00685400
2018-04-03 02:00:00,0.00688600,0.00700000,0.00662500,0.00668000
2018-04-04 02:00:00,0.00667000,0.00692400,0.00659300,0.00670000
2018-04-05 02:00:00,0.00674700,0.00684300,0.00662500,0.00668700
2018-04-06 02:00:00,0.00670400,0.00683400,0.00665000,0.00676800
2018-04-07 02:00:00,0.00673900,0.00677100,0.00656200,0.00657800
2018-04-08 02:00:00,0.00661800,0.00661800,0.00603100,0.00623600
2018-04-09 02:00:00,0.00620700,0.00621800,0.00592200,0.00606200
2018-04-10 02:00:00,0.00609900,0.00612700,0.00593900,0.00595600
2018-04-11 02:00:00,0.00593900,0.00615600,0.00590600,0.00603900
2018-04-12 02:00:00,0.00601800,0.00620300,0.00581200,0.00584800
2018-04-13 02:00:00,0.00587200,0.00618700,0.00584300,0.00596800
2018-04-14 02:00:00,0.00593800,0.00600000,0.00575200,0.00582700
2018-04-15 02:00:00,0.00581500,0.00581700,0.00556200,0.00562500
2018-04-16 02:00:00,0.00562500,0.00571800,0.00550200,0.00561200
2018-04-17 02:00:00,0.00560600,0.00574500,0.00559300,0.00566100
2018-04-18 02:00:00,0.00567500,0.00590600,0.00556500,0.00578500
2018-04-19 02:00:00,0.00577300,0.00615600,0.00577300,0.00593000
2018-04-20 02:00:00,0.00593000,0.00631200,0.00568700,0.00624300
2018-04-21 02:00:00,0.00623300,0.00646700,0.00587800,0.00597700
2018-04-22 02:00:00,0.00597700,0.00603100,0.00578100,0.00583500
2018-04-23 02:00:00,0.00581100,0.00582400,0.00553100,0.00560000
2018-04-24 02:00:00,0.00560100,0.00574800,0.00537600,0.00550900
2018-04-25 02:00:00,0.00554200,0.00560600,0.00530000,0.00537300
2018-04-26 02:00:00,0.00542900,0.00556200,0.00525100,0.00548800
2018-04-27 02:00:00,0.00551100,0.00560000,0.00528700,0.00543400
2018-04-28 02:00:00,0.00542800,0.00595400,0.00531300,0.00595300
2018-04-29 02:00:00,0.00593200,0.00639900,0.00580400,0.00626100
2018-04-30 02:00:00,0.00626000,0.00628400,0.00599200,0.00606800
2018-05-01 02:00:00,0.00604200,0.00609300,0.00584500,0.00591100
2018-05-02 02:00:00,0.00591600,0.00669000,0.00591100,0.00642000
2018-05-03 02:00:00,0.00642100,0.00646900,0.00561600,0.00566000
2018-05-04 02:00:00,0.00567000,0.00573000,0.00540000,0.00554000
2018-05-05 02:00:00,0.00549200,0.00549200,0.00521100,0.00532500
2018-05-06 02:00:00,0.00532500,0.00535400,0.00509100,0.00515400
2018-05-07 02:00:00,0.00515600,0.00553000,0.00509100,0.00522600
2018-05-08 02:00:00,0.00520700,0.00533100,0.00509100,0.00526400
2018-05-09 02:00:00,0.00525600,0.00574900,0.00510500,0.00567600
2018-05-10 02:00:00,0.00564500,0.00597700,0.00541600,0.00551800
2018-05-11 02:00:00,0.00552900,0.00555700,0.00527100,0.00537800
2018-05-12 02:00:00,0.00537800,0.00572000,0.00511000,0.00538300
2018-05-13 02:00:00,0.00537500,0.00547600,0.00515100,0.00520400
2018-05-14 02:00:00,0.00520300,0.00530000,0.00505400,0.00510200
2018-05-15 02:00:00,0.00509700,0.00550000,0.00505300,0.00512100
2018-05-16 02:00:00,0.00510600,0.00527200,0.00500200,0.00510900
2018-05-17 02:00:00,0.00511000,0.00536100,0.00503300,0.00527100
2018-05-18 02:00:00,0.00530100,0.00530100,0.00503100,0.00513600
2018-05-19 02:00:00,0.00516100,0.00521100,0.00485100,0.00507900
2018-05-20 02:00:00,0.00507900,0.00507900,0.00488100,0.00497200
2018-05-21 02:00:00,0.00495700,0.00510600,0.00490000,0.00495700
2018-05-22 02:00:00,0.00497800,0.00512000,0.00490200,0.00503500
2018-05-23 02:00:00,0.00504700,0.00515000,0.00486500,0.00493600
2018-05-24 02:00:00,0.00495500,0.00503100,0.00477200,0.00485600
2018-05-25 02:00:00,0.00485500,0.00493100,0.00474700,0.00485900
2018-05-26 02:00:00,0.00485900,0.00492900,0.00477700,0.00484700
2018-05-27 02:00:00,0.00484700,0.00497100,0.00478900,0.00485000
2018-05-28 02:00:00,0.00485500,0.00566000,0.00479400,0.00544300
2018-05-29 02:00:00,0.00546800,0.00649000,0.00541700,0.00611900
2018-05-30 02:00:00,0.00611700,0.00640900,0.00586700,0.00586700
2018-05-31 02:00:00,0.00587800,0.00590900,0.00550000,0.00580000
2018-06-01 02:00:00,0.00579500,0.00604800,0.00576100,0.00588800
2018-06-02 02:00:00,0.00591000,0.00593000,0.00515100,0.00577100
2018-06-03 02:00:00,0.00580100,0.00610000,0.00563000,0.00584500
2018-06-04 02:00:00,0.00585400,0.00608900,0.00566700,0.00581000
2018-06-05 02:00:00,0.00584000,0.00721700,0.00571600,0.00661700
2018-06-06 02:00:00,0.00661400,0.00683500,0.00634500,0.00637700
2018-06-07 02:00:00,0.00637700,0.00673800,0.00634600,0.00667400
2018-06-08 02:00:00,0.00668500,0.00678500,0.00648000,0.00676600
2018-06-09 02:00:00,0.00678500,0.00685800,0.00635000,0.00655900
2018-06-10 02:00:00,0.00654200,0.00670700,0.00634900,0.00650400
2018-06-11 02:00:00,0.00650700,0.00688800,0.00645700,0.00685500
2018-06-12 02:00:00,0.00686000,0.00747000,0.00681000,0.00696000
2018-06-13 02:00:00,0.00697800,0.00722000,0.00666000,0.00678700
2018-06-14 02:00:00,0.00681500,0.00694700,0.00632000,0.00647700
2018-06-15 02:00:00,0.00637900,0.00663000,0.00632300,0.00661800
2018-06-16 02:00:00,0.00659300,0.00664800,0.00635000,0.00653500
2018-06-17 02:00:00,0.00653900,0.00664500,0.00632000,0.00632000
2018-06-18 02:00:00,0.00632000,0.00642300,0.00606000,0.00614000
2018-06-19 02:00:00,0.00614500,0.00618400,0.00590800,0.00598800
2018-06-20 02:00:00,0.00599800,0.00609800,0.00570900,0.00576300
2018-06-21 02:00:00,0.00576300,0.00586900,0.00554000,0.00554600
2018-06-22 02:00:00,0.00557800,0.00589600,0.00550000,0.00580600
2018-06-23 02:00:00,0.00584800,0.00589800,0.00555500,0.00561200
2018-06-24 02:00:00,0.00556000,0.00575000,0.00542000,0.00559500
2018-06-25 02:00:00,0.00568800,0.00574300,0.00542800,0.00549700
2018-06-26 02:00:00,0.00549800,0.00570000,0.00549500,0.00557000
2018-06-27 02:00:00,0.00556600,0.00578000,0.00549300,0.00559200
2018-06-28 02:00:00,0.00557900,0.00573400,0.00548000,0.00548000
2018-06-29 02:00:00,0.00553400,0.00573200,0.00550000,0.00560700
2018-06-30 02:00:00,0.00560000,0.00568200,0.00545000,0.00553700
2018-07-01 02:00:00,0.00555400,0.00578000,0.00547100,0.00573900
2018-07-02 02:00:00,0.00569900,0.00581000,0.00555000,0.00573000
2018-07-03 02:00:00,0.00580300,0.00584000,0.00546100,0.00552400
2018-07-04 02:00:00,0.00554000,0.00581600,0.00544000,0.00545100
2018-07-05 02:00:00,0.00551300,0.00582000,0.00522200,0.00543600
2018-07-06 02:00:00,0.00548500,0.00558400,0.00536100,0.00543600
2018-07-07 02:00:00,0.00549000,0.00555100,0.00528600,0.00543500
2018-07-08 02:00:00,0.00542000,0.00550000,0.00522000,0.00533900
2018-07-09 02:00:00,0.00533900,0.00538500,0.00506700,0.00522000
2018-07-10 02:00:00,0.00520000,0.00538600,0.00497700,0.00528900
2018-07-11 02:00:00,0.00523600,0.00598700,0.00507000,0.00598700
2018-07-12 02:00:00,0.00598700,0.00598700,0.00550000,0.00554900
2018-07-13 02:00:00,0.00555000,0.00603100,0.00544800,0.00598100
2018-07-14 02:00:00,0.00602700,0.00604800,0.00572100,0.00594700
2018-07-15 02:00:00,0.00594700,0.00596000,0.00574700,0.00582200
2018-07-16 02:00:00,0.00584000,0.00615600,0.00568600,0.00614900
2018-07-17 02:00:00,0.00615300,0.00625200,0.00582000,0.00623000
2018-07-18 02:00:00,0.00623900,0.00675000,0.00607800,0.00673200
2018-07-19 02:00:00,0.00674900,0.00688500,0.00637900,0.00680400
2018-07-20 02:00:00,0.00680600,0.00744300,0.00670200,0.00682000
2018-07-21 02:00:00,0.00689500,0.00714000,0.00654200,0.00705000
2018-07-22 02:00:00,0.00705000,0.00713800,0.00676600,0.00706300
2018-07-23 02:00:00,0.00706300,0.00779900,0.00695300,0.00725100
2018-07-24 02:00:00,0.00730600,0.00786600,0.00600000,0.00649700
2018-07-25 02:00:00,0.00647500,0.00663700,0.00622300,0.00627500
2018-07-26 02:00:00,0.00630100,0.00636700,0.00563000,0.00584700
2018-07-27 02:00:00,0.00584800,0.00600700,0.00570100,0.00595300
2018-07-28 02:00:00,0.00594700,0.00602200,0.00572400,0.00572400
2018-07-29 02:00:00,0.00574200,0.00598000,0.00574200,0.00591100
2018-07-30 02:00:00,0.00591400,0.00606000,0.00585500,0.00599400
2018-07-31 02:00:00,0.00602000,0.00606500,0.00571000,0.00581200
2018-08-01 02:00:00,0.00582600,0.00602700,0.00575600,0.00589900
2018-08-02 02:00:00,0.00587500,0.00620500,0.00576800,0.00597400
2018-08-03 02:00:00,0.00596000,0.00600000,0.00573000,0.00582800
2018-08-04 02:00:00,0.00581300,0.00599300,0.00567000,0.00578500
2018-08-05 02:00:00,0.00575700,0.00584100,0.00553100,0.00565200
2018-08-06 02:00:00,0.00564800,0.00569100,0.00551700,0.00554200
2018-08-07 02:00:00,0.00554200,0.00599100,0.00552300,0.00581200
2018-08-08 02:00:00,0.00581200,0.00583000,0.00511100,0.00515400
2018-08-09 02:00:00,0.00512800,0.00525100,0.00491400,0.00508300
2018-08-10 02:00:00,0.00508200,0.00524800,0.00486700,0.00511100
2018-08-11 02:00:00,0.00510200,0.00524800,0.00488000,0.00507300
2018-08-12 02:00:00,0.00506000,0.00518400,0.00496200,0.00510300
2018-08-13 02:00:00,0.00509000,0.00538600,0.00485100,0.00486200
2018-08-14 02:00:00,0.00486200,0.00515200,0.00465600,0.00473600
2018-08-15 02:00:00,0.00468400,0.00526500,0.00459000,0.00502300
2018-08-16 02:00:00,0.00494900,0.00514000,0.00494300,0.00501400
2018-08-17 02:00:00,0.00502500,0.00558200,0.00500900,0.00530700
2018-08-18 02:00:00,0.00535300,0.00548600,0.00495000,0.00517600
2018-08-19 02:00:00,0.00515100,0.00527900,0.00480000,0.00512100
2018-08-20 02:00:00,0.00512100,0.00528000,0.00495000,0.00525800
2018-08-21 02:00:00,0.00520500,0.00527300,0.00489900,0.00495300
2018-08-22 02:00:00,0.00498300,0.00505800,0.00486100,0.00486100
2018-08-23 02:00:00,0.00487000,0.00508500,0.00475000,0.00486200
2018-08-24 02:00:00,0.00485300,0.00494200,0.00478100,0.00486500
2018-08-25 02:00:00,0.00486500,0.00520000,0.00485400,0.00507900
2018-08-26 02:00:00,0.00508000,0.00535000,0.00486200,0.00512700
2018-08-27 02:00:00,0.00504500,0.00513000,0.00493000,0.00501900
2018-08-28 02:00:00,0.00505000,0.00530000,0.00501800,0.00520800
2018-08-29 02:00:00,0.00527100,0.00539500,0.00500400,0.00506100
2018-08-30 02:00:00,0.00510200,0.00513700,0.00495800,0.00499500
2018-08-31 02:00:00,0.00502600,0.00519900,0.00500300,0.00519800
2018-09-01 02:00:00,0.00515800,0.00519100,0.00503600,0.00514000
2018-09-02 02:00:00,0.00514000,0.00520500,0.00491700,0.00495600
2018-09-03 02:00:00,0.00495100,0.00522800,0.00495100,0.00509700
2018-09-04 02:00:00,0.00515000,0.00529000,0.00510000,0.00523100
2018-09-05 02:00:00,0.00525300,0.00548600,0.00509500,0.00543500
2018-09-06 02:00:00,0.00543500,0.00548600,0.00498600,0.00521500
2018-09-07 02:00:00,0.00519200,0.00545300,0.00517500,0.00533300
2018-09-08 02:00:00,0.00525200,0.00555900,0.00523100,0.00542600
2018-09-09 02:00:00,0.00547900,0.00580300,0.00536500,0.00562900
2018-09-10 02:00:00,0.00559000,0.00576900,0.00552000,0.00567600
2018-09-11 02:00:00,0.00561700,0.00590000,0.00550900,0.00573900
2018-09-12 02:00:00,0.00571900,0.00592100,0.00545900,0.00549700
2018-09-13 02:00:00,0.00546700,0.00553200,0.00501100,0.00501100
2018-09-14 02:00:00,0.00503700,0.00520300,0.00486100,0.00499800
2018-09-15 02:00:00,0.00499800,0.00506700,0.00478400,0.00482900
2018-09-16 02:00:00,0.00482000,0.00495000,0.00478100,0.00487100
2018-09-17 02:00:00,0.00486700,0.00508000,0.00475300,0.00491900
2018-09-18 02:00:00,0.00497000,0.00505000,0.00480000,0.00494300
2018-09-19 02:00:00,0.00498300,0.00505900,0.00482100,0.00493000
2018-09-20 02:00:00,0.00493000,0.00535000,0.00485000,0.00489500
2018-09-21 02:00:00,0.00491300,0.00524200,0.00478800,0.00486400
2018-09-22 02:00:00,0.00486400,0.00538500,0.00476400,0.00533300
2018-09-23 02:00:00,0.00529400,0.00536500,0.00507200,0.00529700
2018-09-24 02:00:00,0.00526800,0.00550000,0.00517000,0.00530400
2018-09-25 02:00:00,0.00537300,0.00608900,0.00531500,0.00575000
2018-09-26 02:00:00,0.00575000,0.00619000,0.00575000,0.00603000
2018-09-27 02:00:00,0.00606000,0.00800000,0.00590000,0.00721600
2018-09-28 02:00:00,0.00715900,0.00726300,0.00623800,0.00643800
2018-09-29 02:00:00,0.00647200,0.00660800,0.00581300,0.00586700
2018-09-30 02:00:00,0.00589500,0.00620500,0.00578000,0.00589400
2018-10-01 02:00:00,0.00588900,0.00594900,0.00577800,0.00587500
2018-10-02 02:00:00,0.00583700,0.00599700,0.00573900,0.00583000
2018-10-03 02:00:00,0.00583000,0.00600700,0.00562400,0.00586100
2018-10-04 02:00:00,0.00586300,0.00651200,0.00576400,0.00603600
2018-10-05 02:00:00,0.00608300,0.00639300,0.00605300,0.00634200
2018-10-06 02:00:00,0.00634200,0.00634800,0.00587900,0.00605900
2018-10-07 02:00:00,0.00601300,0.00624000,0.00580000,0.00608100
2018-10-08 02:00:00,0.00607400,0.00640800,0.00600500,0.00626800
2018-10-09 02:00:00,0.00625500,0.00690000,0.00604600,0.00661400
2018-10-10 02:00:00,0.00661800,0.00720100,0.00628400,0.00663600
2018-10-11 02:00:00,0.00667000,0.00683500,0.00639000,0.00661800
2018-10-12 02:00:00,0.00661800,0.00748700,0.00648100,0.00710500
2018-10-13 02:00:00,0.00709300,0.00825800,0.00679600,0.00746500
2018-10-14 02:00:00,0.00750600,0.00839900,0.00710000,0.00766300
2018-10-15 02:00:00,0.00777500,0.00786100,0.00696300,0.00729800
2018-10-16 02:00:00,0.00729800,0.00762100,0.00691000,0.00714200
2018-10-17 02:00:00,0.00710900,0.00741000,0.00697700,0.00723400
2018-10-18 02:00:00,0.00719800,0.00722100,0.00566800,0.00685900
2018-10-19 02:00:00,0.00683200,0.00695000,0.00671800,0.00684800
2018-10-20 02:00:00,0.00685600,0.00700100,0.00683700,0.00687200
2018-10-21 02:00:00,0.00687200,0.00699800,0.00682300,0.00688700
2018-10-22 02:00:00,0.00689400,0.00689800,0.00667600,0.00682900
2018-10-23 02:00:00,0.00675000,0.00718800,0.00670100,0.00694000
2018-10-24 02:00:00,0.00691900,0.00694600,0.00670600,0.00687600
2018-10-25 02:00:00,0.00682800,0.00693400,0.00676400,0.00680000
2018-10-26 02:00:00,0.00680000,0.00681400,0.00664800,0.00668500
2018-10-27 02:00:00,0.00666000,0.00671100,0.00652300,0.00660400
2018-10-28 02:00:00,0.00662200,0.00670300,0.00652400,0.00656500
2018-10-29 01:00:00,0.00658900,0.00670100,0.00638100,0.00653500
2018-10-30 01:00:00,0.00652700,0.00668000,0.00642100,0.00665200
2018-10-31 01:00:00,0.00665200,0.00668100,0.00637600,0.00662400
2018-11-01 01:00:00,0.00662400,0.00666100,0.00634100,0.00662000
2018-11-02 01:00:00,0.00662000,0.00665000,0.00649700,0.00656100
2018-11-03 01:00:00,0.00655900,0.00686300,0.00655400,0.00686300
2018-11-04 01:00:00,0.00681700,0.00689600,0.00630200,0.00639100
2018-11-05 01:00:00,0.00638100,0.00647700,0.00620900,0.00620900
2018-11-06 01:00:00,0.00625000,0.00641000,0.00613800,0.00622600
2018-11-07 01:00:00,0.00621600,0.00636500,0.00617200,0.00633600
2018-11-08 01:00:00,0.00637000,0.00639600,0.00602700,0.00619400
2018-11-09 01:00:00,0.00616300,0.00626300,0.00609900,0.00616500
2018-11-10 01:00:00,0.00616600,0.00620100,0.00591400,0.00604800
2018-11-11 01:00:00,0.00602500,0.00631100,0.00595200,0.00610000
2018-11-12 01:00:00,0.00609400,0.00613700,0.00600500,0.00608900
2018-11-13 01:00:00,0.00610300,0.00619600,0.00600700,0.00611800
2018-11-14 01:00:00,0.00611800,0.00616100,0.00566700,0.00577200
2018-11-15 01:00:00,0.00577400,0.00637700,0.00567300,0.00621100
2018-11-16 01:00:00,0.00629000,0.00659600,0.00617600,0.00630400
2018-11-17 01:00:00,0.00628400,0.00639000,0.00598700,0.00613600
2018-11-18 01:00:00,0.00613500,0.00625500,0.00604600,0.00616000
2018-11-19 01:00:00,0.00616000,0.00659600,0.00607300,0.00615100
2018-11-20 01:00:00,0.00621200,0.00649000,0.00601000,0.00627000
2018-11-21 01:00:00,0.00627200,0.00657800,0.00623000,0.00632400
2018-11-22 01:00:00,0.00632400,0.00655000,0.00629000,0.00642600
2018-11-23 01:00:00,0.00643500,0.00675000,0.00637200,0.00660000
2018-11-24 01:00:00,0.00660000,0.00673900,0.00625200,0.00631300
2018-11-25 01:00:00,0.00635600,0.00662200,0.00606700,0.00611200
2018-11-26 01:00:00,0.00613200,0.00625200,0.00580500,0.00604200
2018-11-27 01:00:00,0.00592100,0.00627400,0.00571700,0.00586200
2018-11-28 01:00:00,0.00581500,0.00592700,0.00570000,0.00576600
2018-11-29 01:00:00,0.00576600,0.00613100,0.00571900,0.00598000
2018-11-30 01:00:00,0.00603100,0.00666200,0.00586800,0.00635600
2018-12-01 01:00:00,0.00635600,0.00666600,0.00615700,0.00634000
2018-12-02 01:00:00,0.00633400,0.00642800,0.00619300,0.00627600
2018-12-03 01:00:00,0.00635100,0.00645300,0.00622200,0.00630300
2018-12-04 01:00:00,0.00632700,0.00635700,0.00607000,0.00616600
2018-12-05 01:00:00,0.00616300,0.00616500,0.00576200,0.00589600
2018-12-06 01:00:00,0.00589400,0.00623400,0.00575000,0.00604500
2018-12-07 01:00:00,0.00605500,0.00625800,0.00549500,0.00555500
2018-12-08 01:00:00,0.00565100,0.00581200,0.00542200,0.00569200
2018-12-09 01:00:00,0.00569200,0.00571700,0.00543900,0.00558000
2018-12-10 01:00:00,0.00554500,0.00573800,0.00545600,0.00554800
2018-12-11 01:00:00,0.00560500,0.00575900,0.00548000,0.00555700
2018-12-12 01:00:00,0.00555700,0.00576800,0.00548100,0.00562000
2018-12-13 01:00:00,0.00560600,0.00578800,0.00548500,0.00565900
2018-12-14 01:00:00,0.00564600,0.00567400,0.00546400,0.00555800
2018-12-15 01:00:00,0.00554100,0.00560000,0.00545200,0.00552800
2018-12-16 01:00:00,0.00546400,0.00552700,0.00532500,0.00542800
2018-12-17 01:00:00,0.00543000,0.00552300,0.00512600,0.00533900
2018-12-18 01:00:00,0.00530700,0.00549700,0.00512000,0.00518900
2018-12-19 01:00:00,0.00518800,0.00543200,0.00503500,0.00520000
2018-12-20 01:00:00,0.00520100,0.00524600,0.00480000,0.00484700
2018-12-21 01:00:00,0.00483600,0.00505400,0.00470000,0.00492200
2018-12-22 01:00:00,0.00494500,0.00530000,0.00490000,0.00490800
2018-12-23 01:00:00,0.00489700,0.00493900,0.00443700,0.00452400
2018-12-24 01:00:00,0.00449900,0.00487800,0.00391800,0.00445200
2018-12-25 01:00:00,0.00445200,0.00459500,0.00410600,0.00422000
2018-12-26 01:00:00,0.00422100,0.00461600,0.00407000,0.00425500
2018-12-27 01:00:00,0.00419900,0.00441200,0.00412600,0.00430000
2018-12-28 01:00:00,0.00429900,0.00444300,0.00393100,0.00398700
2018-12-29 01:00:00,0.00396400,0.00398600,0.00373000,0.00383200
2018-12-30 01:00:00,0.00384600,0.00394300,0.00382300,0.00385600
2018-12-31 01:00:00,0.00385700,0.00418800,0.00385000,0.00404900
2019-01-01 01:00:00,0.00405400,0.00409500,0.00387300,0.00395200
2019-01-02 01:00:00,0.00395000,0.00397900,0.00358000,0.00362400
2019-01-03 01:00:00,0.00362200,0.00375000,0.00355700,0.00369800
2019-01-04 01:00:00,0.00369800,0.00380200,0.00352800,0.00364600
2019-01-05 01:00:00,0.00364600,0.00364600,0.00351000,0.00359800
2019-01-06 01:00:00,0.00360900,0.00378800,0.00360600,0.00374300
2019-01-07 01:00:00,0.00374300,0.00382600,0.00368100,0.00375100
2019-01-08 01:00:00,0.00373500,0.00382700,0.00370000,0.00378100
2019-01-09 01:00:00,0.00378100,0.00384200,0.00370900,0.00381900
2019-01-10 01:00:00,0.00384200,0.00414700,0.00380400,0.00401500
2019-01-11 01:00:00,0.00404700,0.00420100,0.00394700,0.00414100
2019-01-12 01:00:00,0.00413600,0.00432100,0.00413600,0.00425500
2019-01-13 01:00:00,0.00421500,0.00444000,0.00418500,0.00436800
2019-01-14 01:00:00,0.00438100,0.00447100,0.00413800,0.00421000
2019-01-15 01:00:00,0.00421400,0.00440300,0.00403100,0.00427500
2019-01-16 01:00:00,0.00429300,0.00437500,0.00419500,0.00431700
2019-01-17 01:00:00,0.00431600,0.00462100,0.00427900,0.00458200
2019-01-18 01:00:00,0.00458200,0.00469300,0.00441100,0.00457200
2019-01-19 01:00:00,0.00454600,0.00466200,0.00442600,0.00448000
2019-01-20 01:00:00,0.00450100,0.00638400,0.00449800,0.00509400
2019-01-21 01:00:00,0.00510300,0.00527000,0.00480600,0.00489400
2019-01-22 01:00:00,0.00486800,0.00499000,0.00482400,0.00485400
2019-01-23 01:00:00,0.00485600,0.00498900,0.00470000,0.00478100
2019-01-24 01:00:00,0.00475100,0.00521700,0.00471700,0.00483300
2019-01-25 01:00:00,0.00483300,0.00504000,0.00476400,0.00485400
2019-01-26 01:00:00,0.00482400,0.00487900,0.00477100,0.00481600
2019-01-27 01:00:00,0.00482500,0.00540900,0.00477800,0.00494600
2019-01-28 01:00:00,0.00494400,0.00521700,0.00490500,0.00496600
2019-01-29 01:00:00,0.00499000,0.00526200,0.00499000,0.00524500
2019-01-30 01:00:00,0.00524500,0.00531600,0.00509100,0.00512600
2019-01-31 01:00:00,0.00512500,0.00512500,0.00490300,0.00502400
2019-02-01 01:00:00,0.00506300,0.00515900,0.00501200,0.00505900
2019-02-02 01:00:00,0.00507600,0.00516000,0.00493100,0.00496100
2019-02-03 01:00:00,0.00494800,0.00515000,0.00491400,0.00509600
2019-02-04 01:00:00,0.00509600,0.00574000,0.00501700,0.00509000
2019-02-05 01:00:00,0.00508800,0.00519000,0.00499900,0.00503600
2019-02-06 01:00:00,0.00503500,0.00521100,0.00500000,0.00505000
2019-02-07 01:00:00,0.00505000,0.00526700,0.00501000,0.00517700
2019-02-08 01:00:00,0.00517300,0.00524900,0.00488600,0.00490400
2019-02-09 01:00:00,0.00494300,0.00499900,0.00484500,0.00484500
2019-02-10 01:00:00,0.00486300,0.00629000,0.00478700,0.00483200
2019-02-11 01:00:00,0.00482300,0.00491000,0.00470100,0.00477100
2019-02-12 01:00:00,0.00476700,0.00482900,0.00463100,0.00465100
2019-02-13 01:00:00,0.00465200,0.00470100,0.00459400,0.00464500
2019-02-14 01:00:00,0.00464600,0.00466600,0.00458200,0.00462100
2019-02-15 01:00:00,0.00462000,0.00474000,0.00454700,0.00471500
2019-02-16 01:00:00,0.00469000,0.00478900,0.00463000,0.00474000
2019-02-17 01:00:00,0.00475300,0.00496000,0.00443700,0.00447800
2019-02-18 01:00:00,0.00449900,0.00455100,0.00417600,0.00432400
2019-02-19 01:00:00,0.00427200,0.00447900,0.00425800,0.00443800
2019-02-20 01:00:00,0.00443800,0.00444600,0.00428500,0.00435200
2019-02-21 01:00:00,0.00435500,0.00443800,0.00426700,0.00430600
2019-02-22 01:00:00,0.00428200,0.00432600,0.00424400,0.00428200
2019-02-23 01:00:00,0.00429100,0.00462500,0.00427400,0.00431100
2019-02-24 01:00:00,0.00431900,0.00465700,0.00422100,0.00465700
2019-02-25 01:00:00,0.00463800,0.00464000,0.00439200,0.00454800
2019-02-26 01:00:00,0.00457100,0.00485600,0.00451000,0.00469000
2019-02-27 01:00:00,0.00470700,0.00491900,0.00457600,0.00470600
2019-02-28 01:00:00,0.00470500,0.00488100,0.00460000,0.00478900
2019-03-01 01:00:00,0.00479100,0.00494400,0.00475600,0.00487200
2019-03-02 01:00:00,0.00486900,0.00496300,0.00483000,0.00492300
2019-03-03 01:00:00,0.00490100,0.00506700,0.00486500,0.00502000
2019-03-04 01:00:00,0.00501700,0.00505800,0.00490300,0.00495900
2019-03-05 01:00:00,0.00495900,0.00500400,0.00474400,0.00479000
2019-03-06 01:00:00,0.00479000,0.00485800,0.00470000,0.00479700
2019-03-07 01:00:00,0.00478700,0.00502900,0.00470500,0.00493200
2019-03-08 01:00:00,0.00493000,0.00550000,0.00489900,0.00549400
2019-03-09 01:00:00,0.00549400,0.00618900,0.00544400,0.00577200
2019-03-10 01:00:00,0.00577400,0.00580700,0.00552700,0.00568900
2019-03-11 01:00:00,0.00568700,0.00729900,0.00563900,0.00653900
2019-03-12 01:00:00,0.00661100,0.00716300,0.00645900,0.00697400
2019-03-13 01:00:00,0.00697800,0.00754000,0.00630900,0.00739400
2019-03-14 01:00:00,0.00737300,0.00741100,0.00639000,0.00667400
2019-03-15 01:00:00,0.00667300,0.00674600,0.00654100,0.00666600
2019-03-16 01:00:00,0.00661200,0.00662900,0.00632000,0.00638500
2019-03-17 01:00:00,0.00638100,0.00681600,0.00636900,0.00679300
2019-03-18 01:00:00,0.00673100,0.00749000,0.00673100,0.00685700
2019-03-19 01:00:00,0.00682300,0.00751900,0.00678100,0.00722000
2019-03-20 01:00:00,0.00723100,0.00905400,0.00716900,0.00893400
2019-03-21 01:00:00,0.00889600,0.00920000,0.00786500,0.00864500
2019-03-22 01:00:00,0.00865000,0.00866000,0.00816200,0.00824800
2019-03-23 01:00:00,0.00824800,0.00837600,0.00785200,0.00789800
2019-03-24 01:00:00,0.00788700,0.00795000,0.00761700,0.00787300
2019-03-25 01:00:00,0.00787000,0.00798500,0.00724900,0.00741100
2019-03-26 01:00:00,0.00739900,0.00923000,0.00712000,0.00741400
2019-03-27 01:00:00,0.00743500,0.00848000,0.00719300,0.00767700
2019-03-28 01:00:00,0.00771000,0.00989800,0.00758000,0.00811900
2019-03-29 01:00:00,0.00811500,0.00815000,0.00784300,0.00784400
2019-03-30 01:00:00,0.00786400,0.00808000,0.00767400,0.00783700
2019-03-31 01:00:00,0.00785600,0.00810600,0.00775200,0.00797000
2019-04-01 02:00:00,0.00797600,0.00845600,0.00791400,0.00833800
2019-04-02 02:00:00,0.00837800,0.00843300,0.00777500,0.00802300
2019-04-03 02:00:00,0.00802300,0.00840700,0.00702600,0.00743200
2019-04-04 02:00:00,0.00748200,0.00816400,0.00738500,0.00777700
2019-04-05 02:00:00,0.00777700,0.00791900,0.00757500,0.00761900
2019-04-06 02:00:00,0.00761900,0.00775000,0.00711300,0.00733300
2019-04-07 02:00:00,0.00733500,0.00737100,0.00687900,0.00695900
2019-04-08 02:00:00,0.00694500,0.00701800,0.00563800,0.00655600
2019-04-09 02:00:00,0.00655600,0.00727800,0.00651100,0.00700500
2019-04-10 02:00:00,0.00700900,0.00715700,0.00662600,0.00678400
2019-04-11 02:00:00,0.00677800,0.00730300,0.00661500,0.00710300
2019-04-12 02:00:00,0.00709600,0.00776700,0.00699000,0.00759800
2019-04-13 02:00:00,0.00759600,0.00849200,0.00741200,0.00800300
2019-04-14 02:00:00,0.00804100,0.00825400,0.00782900,0.00786700
2019-04-15 02:00:00,0.00786300,0.00825300,0.00783600,0.00813900
2019-04-16 02:00:00,0.00813900,0.00850900,0.00798100,0.00804600
2019-04-17 02:00:00,0.00805800,0.00816900,0.00798800,0.00804300
2019-04-18 02:00:00,0.00808800,0.00808800,0.00754200,0.00765600
2019-04-19 02:00:00,0.00765100,0.00778500,0.00752500,0.00756400
2019-04-20 02:00:00,0.00759700,0.00762600,0.00738400,0.00753100
2019-04-21 02:00:00,0.00752600,0.00805200,0.00732900,0.00780800
2019-04-22 02:00:00,0.00781700,0.00797600,0.00760500,0.00782300
2019-04-23 02:00:00,0.00783400,0.00799800,0.00741100,0.00755000
2019-04-24 02:00:00,0.00761200,0.00767900,0.00717800,0.00728600
2019-04-25 02:00:00,0.00726300,0.00748900,0.00699200,0.00708500
2019-04-26 02:00:00,0.00703700,0.00722600,0.00678400,0.00703800
2019-04-27 02:00:00,0.00703800,0.00717500,0.00692800,0.00698500
2019-04-28 02:00:00,0.00698400,0.00704000,0.00671800,0.00681100
2019-04-29 02:00:00,0.00679600,0.00689100,0.00652200,0.00655800
2019-04-30 02:00:00,0.00659900,0.00698200,0.00640500,0.00656600
2019-05-01 02:00:00,0.00660500,0.00679200,0.00654400,0.00668200
2019-05-02 02:00:00,0.00668200,0.00697600,0.00653300,0.00657100
2019-05-03 02:00:00,0.00659600,0.00664800,0.00639900,0.00644100
2019-05-04 02:00:00,0.00648700,0.00669100,0.00623200,0.00630500
2019-05-05 02:00:00,0.00630500,0.00644300,0.00623600,0.00626100
2019-05-06 02:00:00,0.00629400,0.00636500,0.00583100,0.00596100
2019-05-07 02:00:00,0.00591500,0.00608000,0.00564500,0.00596100
2019-05-08 02:00:00,0.00599500,0.00625500,0.00500000,0.00565800
2019-05-09 02:00:00,0.00563200,0.00574000,0.00554200,0.00563600
2019-05-10 02:00:00,0.00561700,0.00566900,0.00517700,0.00539900
2019-05-11 02:00:00,0.00537000,0.00578300,0.00509100,0.00543200
2019-05-12 02:00:00,0.00546300,0.00571000,0.00523800,0.00546600
2019-05-13 02:00:00,0.00552400,0.00558600,0.00514500,0.00549400
2019-05-14 02:00:00,0.00543200,0.00560900,0.00482900,0.00487100
2019-05-15 02:00:00,0.00487300,0.00515400,0.00475000,0.00497300
2019-05-16 02:00:00,0.00499900,0.00563600,0.00433400,0.00449600
2019-05-17 02:00:00,0.00450100,0.00459800,0.00425300,0.00442200
2019-05-18 02:00:00,0.00442000,0.00489300,0.00436800,0.00446300
2019-05-19 02:00:00,0.00448100,0.00451600,0.00417900,0.00421000
2019-05-20 02:00:00,0.00423000,0.00443200,0.00413900,0.00435900
2019-05-21 02:00:00,0.00434100,0.00467000,0.00429200,0.00444300
2019-05-22 02:00:00,0.00444800,0.00462100,0.00434300,0.00451700
2019-05-23 02:00:00,0.00450600,0.00460000,0.00441800,0.00451600
2019-05-24 02:00:00,0.00451600,0.00462900,0.00441000,0.00453700
2019-05-25 02:00:00,0.00454700,0.00455400,0.00433400,0.00441400
2019-05-26 02:00:00,0.00441800,0.00463500,0.00417500,0.00432300
2019-05-27 02:00:00,0.00432300,0.00439700,0.00420000,0.00423800
2019-05-28 02:00:00,0.00426600,0.00430800,0.00417900,0.00422500
2019-05-29 02:00:00,0.00424200,0.00426200,0.00407700,0.00415100
2019-05-30 02:00:00,0.00412000,0.00446900,0.00390800,0.00437600
2019-05-31 02:00:00,0.00435800,0.00470000,0.00424200,0.00441600
2019-06-01 02:00:00,0.00438000,0.00444400,0.00423100,0.00435400
2019-06-02 02:00:00,0.00435600,0.00442600,0.00429100,0.00434900
2019-06-03 02:00:00,0.00434800,0.00442600,0.00424400,0.00429300
2019-06-04 02:00:00,0.00432300,0.00502700,0.00422600,0.00489300
2019-06-05 02:00:00,0.00489300,0.00684900,0.00479000,0.00592300
2019-06-06 02:00:00,0.00593100,0.00643800,0.00583600,0.00604300
2019-06-07 02:00:00,0.00604300,0.00618700,0.00585500,0.00596200
2019-06-08 02:00:00,0.00596200,0.00644900,0.00589000,0.00638400
2019-06-09 02:00:00,0.00644600,0.01082500,0.00639400,0.01021100
2019-06-10 02:00:00,0.01021900,0.01370000,0.00866100,0.00921000
2019-06-11 02:00:00,0.00924000,0.01041100,0.00838700,0.00969100
2019-06-12 02:00:00,0.00975400,0.01018200,0.00879900,0.00885400
2019-06-13 02:00:00,0.00879900,0.00903000,0.00849200,0.00879100
2019-06-14 02:00:00,0.00874100,0.00911600,0.00830100,0.00832600
2019-06-15 02:00:00,0.00838600,0.00935400,0.00818000,0.00908000
2019-06-16 02:00:00,0.00912300,0.00915100,0.00831900,0.00844100
2019-06-17 02:00:00,0.00839400,0.00871400,0.00835200,0.00844000
2019-06-18 02:00:00,0.00844400,0.01072600,0.00834800,0.00933000
2019-06-19 02:00:00,0.00933000,0.00953500,0.00874400,0.00888900
2019-06-20 02:00:00,0.00888900,0.00900200,0.00823000,0.00833800
2019-06-21 02:00:00,0.00833500,0.00855800,0.00754100,0.00763400
2019-06-22 02:00:00,0.00762200,0.00848900,0.00719400,0.00765100
2019-06-23 02:00:00,0.00764000,0.00931000,0.00748000,0.00868400
2019-06-24 02:00:00,0.00869200,0.00925000,0.00771100,0.00776500
2019-06-25 02:00:00,0.00777200,0.00781000,0.00735400,0.00749600
2019-06-26 02:00:00,0.00750200,0.00753700,0.00620900,0.00655200
2019-06-27 02:00:00,0.00655300,0.00682800,0.00613300,0.00642300
2019-06-28 02:00:00,0.00645300,0.00724600,0.00624800,0.00672000
2019-06-29 02:00:00,0.00676200,0.00778600,0.00672000,0.00711500
2019-06-30 02:00:00,0.00707700,0.00748400,0.00687400,0.00691000
2019-07-01 02:00:00,0.00690500,0.00742500,0.00690500,0.00717400
2019-07-02 02:00:00,0.00711700,0.00739400,0.00700400,0.00714400
2019-07-03 02:00:00,0.00713800,0.00729100,0.00685700,0.00694600
2019-07-04 02:00:00,0.00691000,0.00746300,0.00686300,0.00730900
2019-07-05 02:00:00,0.00735200,0.00743900,0.00693700,0.00707600
2019-07-06 02:00:00,0.00708700,0.00799400,0.00693500,0.00712900
2019-07-07 02:00:00,0.00714500,0.00746600,0.00675000,0.00680700
2019-07-08 02:00:00,0.00680700,0.00695900,0.00659300,0.00663000
2019-07-09 02:00:00,0.00661800,0.00686300,0.00651100,0.00675400
2019-07-10 02:00:00,0.00671200,0.00679000,0.00619100,0.00630400
2019-07-11 02:00:00,0.00633300,0.00638400,0.00582100,0.00611800
2019-07-12 02:00:00,0.00611800,0.00656900,0.00592900,0.00652100
2019-07-13 02:00:00,0.00651500,0.00656800,0.00612600,0.00613900
2019-07-14 02:00:00,0.00612200,0.00662700,0.00598700,0.00626800
2019-07-15 02:00:00,0.00627900,0.00678800,0.00610400,0.00657900
2019-07-16 02:00:00,0.00654500,0.00680700,0.00637400,0.00666500
2019-07-17 02:00:00,0.00660500,0.00683100,0.00615900,0.00635700
2019-07-18 02:00:00,0.00635700,0.00701000,0.00616500,0.00681000
2019-07-19 02:00:00,0.00682100,0.00696300,0.00662900,0.00695900
2019-07-20 02:00:00,0.00691400,0.00722400,0.00683700,0.00715300
2019-07-21 02:00:00,0.00717900,0.00719700,0.00690200,0.00708800
2019-07-22 02:00:00,0.00705300,0.00719400,0.00686600,0.00697100
2019-07-23 02:00:00,0.00698400,0.00702200,0.00660800,0.00674000
2019-07-24 02:00:00,0.00670500,0.00699900,0.00669100,0.00680500
2019-07-25 02:00:00,0.00677500,0.00792800,0.00669400,0.00731000
2019-07-26 02:00:00,0.00731000,0.00740100,0.00694000,0.00697300
2019-07-27 02:00:00,0.00694800,0.00705500,0.00677000,0.00689800
2019-07-28 02:00:00,0.00684400,0.00695000,0.00660000,0.00667000
2019-07-29 02:00:00,0.00670500,0.00694900,0.00660700,0.00687900
2019-07-30 02:00:00,0.00684400,0.00717800,0.00684400,0.00708800
2019-07-31 02:00:00,0.00708800,0.00817200,0.00695800,0.00811600
2019-08-01 02:00:00,0.00811300,0.00886800,0.00783400,0.00832700
2019-08-02 02:00:00,0.00832700,0.00856800,0.00794300,0.00852400
2019-08-03 02:00:00,0.00853700,0.00949000,0.00840100,0.00934900
2019-08-04 02:00:00,0.00943000,0.00945300,0.00854000,0.00854000
2019-08-05 02:00:00,0.00854000,0.00929000,0.00813300,0.00816000
2019-08-06 02:00:00,0.00821400,0.00836100,0.00761800,0.00768500
2019-08-07 02:00:00,0.00768600,0.00821900,0.00736700,0.00755200
2019-08-08 02:00:00,0.00758000,0.00762700,0.00704600,0.00740200
2019-08-09 02:00:00,0.00736700,0.00775400,0.00726700,0.00726700
2019-08-10 02:00:00,0.00726700,0.00726700,0.00680400,0.00708700
2019-08-11 02:00:00,0.00708800,0.00724800,0.00670400,0.00685900
2019-08-12 02:00:00,0.00686200,0.00694500,0.00653200,0.00668500
2019-08-13 02:00:00,0.00669500,0.00678600,0.00603300,0.00625100
2019-08-14 02:00:00,0.00625200,0.00628200,0.00568900,0.00582500
2019-08-15 02:00:00,0.00586800,0.00593900,0.00570300,0.00577300
2019-08-16 02:00:00,0.00573300,0.00628000,0.00573300,0.00595500
2019-08-17 02:00:00,0.00597400,0.00628000,0.00590400,0.00615600
2019-08-18 02:00:00,0.00616400,0.00637600,0.00595500,0.00623000
2019-08-19 02:00:00,0.00623000,0.00623000,0.00556600,0.00558900
2019-08-20 02:00:00,0.00561700,0.00565000,0.00513700,0.00532900
2019-08-21 02:00:00,0.00531800,0.00548000,0.00508800,0.00525200
2019-08-22 02:00:00,0.00522400,0.00523000,0.00500000,0.00513700
2019-08-23 02:00:00,0.00513700,0.00519200,0.00492000,0.00497900
2019-08-24 02:00:00,0.00500600,0.00521800,0.00499800,0.00513100
2019-08-25 02:00:00,0.00513100,0.00524000,0.00487500,0.00492100
2019-08-26 02:00:00,0.00494500,0.00506800,0.00454500,0.00469900
2019-08-27 02:00:00,0.00467100,0.00470400,0.00447600,0.00450400
2019-08-28 02:00:00,0.00450200,0.00465000,0.00428600,0.00450600
2019-08-29 02:00:00,0.00452400,0.00454300,0.00412100,0.00426100
2019-08-30 02:00:00,0.00423300,0.00470100,0.00423300,0.00459900
2019-08-31 02:00:00,0.00456200,0.00496900,0.00456200,0.00471900
2019-09-01 02:00:00,0.00473000,0.00474900,0.00445300,0.00453200
2019-09-02 02:00:00,0.00454100,0.00475000,0.00441200,0.00452300
2019-09-03 02:00:00,0.00452400,0.00463700,0.00441700,0.00452500
2019-09-04 02:00:00,0.00450600,0.00453700,0.00434500,0.00446800
2019-09-05 02:00:00,0.00448700,0.00452300,0.00412200,0.00420800
2019-09-06 02:00:00,0.00420100,0.00436100,0.00415700,0.00431800
2019-09-07 02:00:00,0.00431800,0.00439400,0.00416800,0.00423600
2019-09-08 02:00:00,0.00422600,0.00429000,0.00414800,0.00429000
2019-09-09 02:00:00,0.00427500,0.00432200,0.00413100,0.00424800
2019-09-10 02:00:00,0.00425700,0.00428900,0.00414800,0.00423800
2019-09-11 02:00:00,0.00419800,0.00423400,0.00309300,0.00325700
2019-09-12 02:00:00,0.00325700,0.00356800,0.00274700,0.00294300
2019-09-13 02:00:00,0.00292500,0.00310500,0.00284700,0.00297000
2019-09-14 02:00:00,0.00296700,0.00303800,0.00282900,0.00283400
2019-09-15 02:00:00,0.00284200,0.00288300,0.00278600,0.00280600
2019-09-16 02:00:00,0.00279400,0.00279400,0.00248800,0.00253300
2019-09-17 02:00:00,0.00253300,0.00253500,0.00221600,0.00228600
2019-09-18 02:00:00,0.00224000,0.00244300,0.00224000,0.00243000
2019-09-19 02:00:00,0.00243000,0.00243000,0.00218300,0.00224500
2019-09-20 02:00:00,0.00224500,0.00229500,0.00220900,0.00222700
2019-09-21 02:00:00,0.00222700,0.00231800,0.00219500,0.00225200
2019-09-22 02:00:00,0.00227400,0.00234000,0.00222900,0.00228000
2019-09-23 02:00:00,0.00224900,0.00228700,0.00219100,0.00222400
2019-09-24 02:00:00,0.00222300,0.00222900,0.00179200,0.00196100
2019-09-25 02:00:00,0.00195200,0.00204200,0.00186100,0.00194800
2019-09-26 02:00:00,0.00195600,0.00209600,0.00187800,0.00191900
2019-09-27 02:00:00,0.00193200,0.00258000,0.00191800,0.00246000
2019-09-28 02:00:00,0.00249300,0.00296900,0.00245900,0.00261500
2019-09-29 02:00:00,0.00263700,0.00271000,0.00246100,0.00251600
2019-09-30 02:00:00,0.00250600,0.00263800,0.00237500,0.00263800
2019-10-01 02:00:00,0.00261500,0.00264700,0.00236200,0.00245000
2019-10-02 02:00:00,0.00245600,0.00254700,0.00238400,0.00247300
2019-10-03 02:00:00,0.00247700,0.00280200,0.00239600,0.00247200
2019-10-04 02:00:00,0.00247600,0.00257300,0.00236500,0.00240800
2019-10-05 02:00:00,0.00242600,0.00246700,0.00236500,0.00238400
2019-10-06 02:00:00,0.00240500,0.00243900,0.00230600,0.00243900
2019-10-07 02:00:00,0.00241700,0.00241700,0.00141800,0.00230800
2019-10-08 02:00:00,0.00230100,0.00244000,0.00228800,0.00240100
2019-10-09 02:00:00,0.00240500,0.00252700,0.00223000,0.00243200
2019-10-10 02:00:00,0.00244700,0.00271200,0.00241700,0.00257000
2019-10-11 02:00:00,0.00253100,0.00263200,0.00239100,0.00257600
2019-10-12 02:00:00,0.00255000,0.00260200,0.00248000,0.00257800
2019-10-13 02:00:00,0.00257700,0.00259500,0.00248900,0.00253200
2019-10-14 02:00:00,0.00253200,0.00259800,0.00244400,0.00251100
2019-10-15 02:00:00,0.00249600,0.00329700,0.00244700,0.00317100
2019-10-16 02:00:00,0.00318500,0.00318500,0.00270400,0.00296700
2019-10-17 02:00:00,0.00296100,0.00296100,0.00272800,0.00282200
2019-10-18 02:00:00,0.00279600,0.00298800,0.00269100,0.00276500
2019-10-19 02:00:00,0.00276800,0.00287800,0.00272400,0.00282000
2019-10-20 02:00:00,0.00282000,0.00285600,0.00262200,0.00276300
2019-10-21 02:00:00,0.00277100,0.00278600,0.00261300,0.00265600
2019-10-22 02:00:00,0.00268300,0.00289500,0.00254200,0.00266600
2019-10-23 02:00:00,0.00265400,0.00284100,0.00235700,0.00244900
2019-10-24 02:00:00,0.00243500,0.00256500,0.00242600,0.00255400
2019-10-25 02:00:00,0.00256500,0.00262200,0.00237400,0.00246000
2019-10-26 02:00:00,0.00244500,0.00263700,0.00236700,0.00249800
2019-10-27 02:00:00,0.00247400,0.00365000,0.00239700,0.00328800
2019-10-28 01:00:00,0.00326300,0.00360000,0.00289200,0.00292700
2019-10-29 01:00:00,0.00296300,0.00298000,0.00251400,0.00260000
2019-10-30 01:00:00,0.00260000,0.00278300,0.00254300,0.00271100
2019-10-31 01:00:00,0.00271000,0.00278900,0.00260900,0.00274400
2019-11-01 01:00:00,0.00272300,0.00283200,0.00270500,0.00278800
2019-11-02 01:00:00,0.00278300,0.00311800,0.00275400,0.00293200
2019-11-03 01:00:00,0.00294500,0.00299600,0.00282000,0.00298500
2019-11-04 01:00:00,0.00294600,0.00294600,0.00279300,0.00287900
2019-11-05 01:00:00,0.00288100,0.00294100,0.00279700,0.00294100
2019-11-06 01:00:00,0.00294100,0.00304800,0.00285700,0.00294400
2019-11-07 01:00:00,0.00295600,0.00317100,0.00290100,0.00304100
2019-11-08 01:00:00,0.00304800,0.00320900,0.00291100,0.00305600
2019-11-09 01:00:00,0.00302900,0.00316700,0.00294400,0.00310100
2019-11-10 01:00:00,0.00310100,0.00312300,0.00295700,0.00304400
2019-11-11 01:00:00,0.00302200,0.00305200,0.00290700,0.00297500
2019-11-12 01:00:00,0.00297500,0.00309600,0.00294400,0.00305300
2019-11-13 01:00:00,0.00305200,0.00311400,0.00301700,0.00309600
2019-11-14 01:00:00,0.00309600,0.00332900,0.00306800,0.00326800
2019-11-15 01:00:00,0.00325600,0.00369300,0.00319100,0.00362400
2019-11-16 01:00:00,0.00363400,0.00364300,0.00332000,0.00335500
2019-11-17 01:00:00,0.00332100,0.00335400,0.00316900,0.00321700
2019-11-18 01:00:00,0.00318400,0.00319900,0.00292300,0.00292400
2019-11-19 01:00:00,0.00292400,0.00305400,0.00282400,0.00302000
2019-11-20 01:00:00,0.00300600,0.00304300,0.00293400,0.00297700
2019-11-21 01:00:00,0.00300800,0.00314700,0.00285000,0.00309600
2019-11-22 01:00:00,0.00308500,0.00311200,0.00289500,0.00304300
2019-11-23 01:00:00,0.00302000,0.00309600,0.00290300,0.00299200
2019-11-24 01:00:00,0.00297000,0.00302600,0.00283600,0.00285200
2019-11-25 01:00:00,0.00283600,0.00287500,0.00271400,0.00283600
2019-11-26 01:00:00,0.00280200,0.00299200,0.00277400,0.00292100
2019-11-27 01:00:00,0.00294000,0.00301000,0.00286800,0.00295900
2019-11-28 01:00:00,0.00294000,0.00318100,0.00292300,0.00307000
2019-11-29 01:00:00,0.00309600,0.00323400,0.00302100,0.00315300
2019-11-30 01:00:00,0.00318200,0.00318700,0.00293400,0.00298600
2019-12-01 01:00:00,0.00298600,0.00311300,0.00289000,0.00298800
2019-12-02 01:00:00,0.00299000,0.00301000,0.00290600,0.00300800
2019-12-03 01:00:00,0.00300800,0.00314000,0.00297500,0.00306100
2019-12-04 01:00:00,0.00303200,0.00307200,0.00296800,0.00302600
2019-12-05 01:00:00,0.00302500,0.00308700,0.00299700,0.00304400
2019-12-06 01:00:00,0.00304400,0.00305600,0.00297900,0.00302100
2019-12-07 01:00:00,0.00302100,0.00310800,0.00300900,0.00306200
2019-12-08 01:00:00,0.00308700,0.00308700,0.00294100,0.00299400
2019-12-09 01:00:00,0.00297500,0.00299500,0.00293100,0.00295000
2019-12-10 01:00:00,0.00294400,0.00294400,0.00282700,0.00290200
2019-12-11 01:00:00,0.00289900,0.00294100,0.00286500,0.00291500
2019-12-12 01:00:00,0.00293000,0.00295800,0.00278500,0.00281900
2019-12-13 01:00:00,0.00283500,0.00295700,0.00280400,0.00292300
2019-12-14 01:00:00,0.00292300,0.00295700,0.00282900,0.00287000
2019-12-15 01:00:00,0.00287000,0.00288800,0.00285400,0.00287100
2019-12-16 01:00:00,0.00287100,0.00311300,0.00285400,0.00301600
2019-12-17 01:00:00,0.00304300,0.00308600,0.00288100,0.00305600
2019-12-18 01:00:00,0.00304400,0.00323300,0.00300800,0.00303600
2019-12-19 01:00:00,0.00302600,0.00311500,0.00300900,0.00306600
2019-12-20 01:00:00,0.00304400,0.00309600,0.00302100,0.00308800
2019-12-21 01:00:00,0.00309200,0.00323500,0.00307800,0.00318100
2019-12-22 01:00:00,0.00317600,0.00319500,0.00297700,0.00303500
2019-12-23 01:00:00,0.00305200,0.00313500,0.00298300,0.00308000
2019-12-24 01:00:00,0.00306100,0.00310600,0.00301000,0.00303900
2019-12-25 01:00:00,0.00303900,0.00314000,0.00303900,0.00310900
2019-12-26 01:00:00,0.00310900,0.00311300,0.00302600,0.00310600
2019-12-27 01:00:00,0.00308900,0.00310600,0.00302600,0.00303500
2019-12-28 01:00:00,0.00303500,0.00317100,0.00302600,0.00303500
2019-12-29 01:00:00,0.00305200,0.00308900,0.00290300,0.00294000
2019-12-30 01:00:00,0.00294000,0.00299900,0.00290100,0.00296300
2019-12-31 01:00:00,0.00296300,0.00296400,0.00285200,0.00289500
2020-01-01 01:00:00,0.00289500,0.00294000,0.00287100,0.00292300
2020-01-02 01:00:00,0.00291600,0.00294900,0.00284900,0.00291600
2020-01-03 01:00:00,0.00291000,0.00299900,0.00285300,0.00287400
2020-01-04 01:00:00,0.00285400,0.00289000,0.00281100,0.00288900
2020-01-05 01:00:00,0.00287400,0.00291200,0.00283900,0.00288400
2020-01-06 01:00:00,0.00287400,0.00288100,0.00276100,0.00276100
2020-01-07 01:00:00,0.00277900,0.00289200,0.00272600,0.00284300
2020-01-08 01:00:00,0.00283900,0.00285700,0.00271900,0.00274000
2020-01-09 01:00:00,0.00274000,0.00278500,0.00268500,0.00271800
2020-01-10 01:00:00,0.00271400,0.00278400,0.00264300,0.00271700
2020-01-11 01:00:00,0.00271800,0.00275900,0.00264100,0.00271100
2020-01-12 01:00:00,0.00269800,0.00275000,0.00267100,0.00271400
2020-01-13 01:00:00,0.00271800,0.00273200,0.00265100,0.00267800
2020-01-14 01:00:00,0.00267800,0.00268500,0.00247900,0.00253200
2020-01-15 01:00:00,0.00255900,0.00273400,0.00247700,0.00259400
2020-01-16 01:00:00,0.00258400,0.00261300,0.00252300,0.00257700
2020-01-17 01:00:00,0.00258300,0.00278700,0.00251700,0.00273400
2020-01-18 01:00:00,0.00274700,0.00274700,0.00249400,0.00252200
2020-01-19 01:00:00,0.00253700,0.00254800,0.00246700,0.00248100
2020-01-20 01:00:00,0.00248800,0.00252600,0.00246400,0.00249200
2020-01-21 01:00:00,0.00250700,0.00270200,0.00246700,0.00261000
2020-01-22 01:00:00,0.00257700,0.00258100,0.00250300,0.00254000
2020-01-23 01:00:00,0.00255200,0.00259400,0.00251100,0.00257700
2020-01-24 01:00:00,0.00256400,0.00283900,0.00254600,0.00263900
2020-01-25 01:00:00,0.00262900,0.00282100,0.00262900,0.00267500
2020-01-26 01:00:00,0.00267800,0.00271400,0.00257400,0.00257400
2020-01-27 01:00:00,0.00257100,0.00263600,0.00251500,0.00253000
2020-01-28 01:00:00,0.00251500,0.00257600,0.00250700,0.00252900
2020-01-29 01:00:00,0.00251500,0.00263800,0.00247700,0.00257500
2020-01-30 01:00:00,0.00257700,0.00280200,0.00254900,0.00259100
2020-01-31 01:00:00,0.00259800,0.00271900,0.00254600,0.00259400
2020-02-01 01:00:00,0.00259900,0.00263300,0.00256700,0.00261400
2020-02-02 01:00:00,0.00262300,0.00285200,0.00261200,0.00266000
2020-02-03 01:00:00,0.00266000,0.00283200,0.00266000,0.00271400
2020-02-04 01:00:00,0.00271700,0.00278400,0.00267300,0.00275500
2020-02-05 01:00:00,0.00273300,0.00280300,0.00255400,0.00257700
2020-02-06 01:00:00,0.00261200,0.00271100,0.00249800,0.00256000
2020-02-07 01:00:00,0.00254300,0.00270000,0.00248900,0.00270000
2020-02-08 01:00:00,0.00270500,0.00274900,0.00257100,0.00261200
2020-02-09 01:00:00,0.00261200,0.00268700,0.00255500,0.00264400
2020-02-10 01:00:00,0.00262500,0.00269600,0.00253600,0.00262900
2020-02-11 01:00:00,0.00263200,0.00285200,0.00258000,0.00261800
2020-02-12 01:00:00,0.00261600,0.00264200,0.00233800,0.00245000
2020-02-13 01:00:00,0.00243900,0.00243900,0.00228700,0.00232400
2020-02-14 01:00:00,0.00230300,0.00231600,0.00219900,0.00224500
2020-02-15 01:00:00,0.00220900,0.00231300,0.00208600,0.00214700
2020-02-16 01:00:00,0.00216400,0.00219500,0.00192200,0.00203700
2020-02-17 01:00:00,0.00201700,0.00202400,0.00190900,0.00199900
2020-02-18 01:00:00,0.00196700,0.00202800,0.00186500,0.00190200
2020-02-19 01:00:00,0.00190000,0.00200600,0.00187300,0.00190300
2020-02-20 01:00:00,0.00189500,0.00193200,0.00185200,0.00189500
2020-02-21 01:00:00,0.00189500,0.00195400,0.00186200,0.00190000
2020-02-22 01:00:00,0.00188400,0.00191000,0.00185900,0.00188100
2020-02-23 01:00:00,0.00188200,0.00188600,0.00182500,0.00183900
2020-02-24 01:00:00,0.00184800,0.00193200,0.00180800,0.00192000
2020-02-25 01:00:00,0.00190400,0.00191000,0.00183700,0.00191000
2020-02-26 01:00:00,0.00189200,0.00201000,0.00187000,0.00188500
2020-02-27 01:00:00,0.00189800,0.00204400,0.00189800,0.00196300
2020-02-28 01:00:00,0.00194500,0.00200100,0.00191700,0.00192900
2020-02-29 01:00:00,0.00193300,0.00196900,0.00190700,0.00195700
2020-03-01 01:00:00,0.00196900,0.00201000,0.00193100,0.00198200
2020-03-02 01:00:00,0.00197200,0.00198500,0.00192100,0.00194500
2020-03-03 01:00:00,0.00194000,0.00201200,0.00192600,0.00197600
2020-03-04 01:00:00,0.00198300,0.00201600,0.00194300,0.00201600
2020-03-05 01:00:00,0.00199900,0.00203000,0.00198300,0.00200900
2020-03-06 01:00:00,0.00200700,0.00200900,0.00190100,0.00190100
2020-03-07 01:00:00,0.00189900,0.00201400,0.00186500,0.00192300
2020-03-08 01:00:00,0.00192500,0.00210800,0.00189200,0.00210800
2020-03-09 01:00:00,0.00207700,0.00245200,0.00204700,0.00223100
2020-03-10 01:00:00,0.00220100,0.00221700,0.00211000,0.00220500
2020-03-11 01:00:00,0.00219600,0.00228200,0.00214000,0.00220600
2020-03-12 01:00:00,0.00220000,0.00242000,0.00214400,0.00224500
2020-03-13 01:00:00,0.00221600,0.00224500,0.00176300,0.00190800
2020-03-14 01:00:00,0.00190200,0.00202800,0.00186900,0.00201400
2020-03-15 01:00:00,0.00201300,0.00213500,0.00201300,0.00210800
2020-03-16 01:00:00,0.00213100,0.00279400,0.00207400,0.00257200
2020-03-17 01:00:00,0.00253300,0.00276300,0.00237800,0.00248600
2020-03-18 01:00:00,0.00245600,0.00248200,0.00229100,0.00238500
2020-03-19 01:00:00,0.00239200,0.00256700,0.00221300,0.00222700
2020-03-20 01:00:00,0.00220200,0.00247900,0.00219900,0.00237800
2020-03-21 01:00:00,0.00237300,0.00242000,0.00229600,0.00236900
2020-03-22 01:00:00,0.00238000,0.00244800,0.00233200,0.00240600
2020-03-23 01:00:00,0.00240600,0.00251700,0.00235000,0.00237800
2020-03-24 01:00:00,0.00237100,0.00361200,0.00236700,0.00308800
2020-03-25 01:00:00,0.00309600,0.00311300,0.00278600,0.00284200
2020-03-26 01:00:00,0.00284200,0.00377800,0.00267300,0.00294500
2020-03-27 01:00:00,0.00294500,0.00316800,0.00285100,0.00293900
2020-03-28 01:00:00,0.00292600,0.00343700,0.00287100,0.00300200
2020-03-29 01:00:00,0.00302900,0.00343700,0.00301400,0.00310700
2020-03-30 02:00:00,0.00310800,0.00324600,0.00303900,0.00310600
2020-03-31 02:00:00,0.00310600,0.00366600,0.00308700,0.00335600
2020-04-01 02:00:00,0.00335600,0.00352600,0.00324400,0.00325500
2020-04-02 02:00:00,0.00326900,0.00326900,0.00298000,0.00303500
2020-04-03 02:00:00,0.00305500,0.00305500,0.00296900,0.00300700
2020-04-04 02:00:00,0.00300700,0.00303700,0.00289700,0.00293100
2020-04-05 02:00:00,0.00292500,0.00293800,0.00277900,0.00280700
2020-04-06 02:00:00,0.00280400,0.00295000,0.00252500,0.00253900
2020-04-07 02:00:00,0.00252400,0.00332900,0.00231300,0.00258100
2020-04-08 02:00:00,0.00257300,0.00258300,0.00243900,0.00247600
2020-04-09 02:00:00,0.00247200,0.00253000,0.00244800,0.00253000
2020-04-10 02:00:00,0.00253000,0.00266000,0.00248400,0.00255700
2020-04-11 02:00:00,0.00254200,0.00268000,0.00251000,0.00258100
2020-04-12 02:00:00,0.00258100,0.00267900,0.00252400,0.00255900
2020-04-13 02:00:00,0.00256100,0.00264000,0.00256100,0.00259000
2020-04-14 02:00:00,0.00258200,0.00261900,0.00252600,0.00254500
2020-04-15 02:00:00,0.00255400,0.00257000,0.00246300,0.00250300
2020-04-16 02:00:00,0.00250400,0.00253300,0.00231500,0.00235000
2020-04-17 02:00:00,0.00235000,0.00247300,0.00233000,0.00241000
2020-04-18 02:00:00,0.00243500,0.00243500,0.00221900,0.00222500
2020-04-19 02:00:00,0.00222200,0.00228300,0.00219500,0.00224800
2020-04-20 02:00:00,0.00227500,0.00227600,0.00218800,0.00223000
2020-04-21 02:00:00,0.00224700,0.00234000,0.00220300,0.00227200
2020-04-22 02:00:00,0.00226300,0.00227200,0.00218300,0.00220000
2020-04-23 02:00:00,0.00219100,0.00220700,0.00212200,0.00216400
2020-04-24 02:00:00,0.00215300,0.00215500,0.00210600,0.00213300
2020-04-25 02:00:00,0.00213300,0.00227200,0.00205400,0.00213600
2020-04-26 02:00:00,0.00213600,0.00227800,0.00212200,0.00215600
2020-04-27 02:00:00,0.00214800,0.00223400,0.00213500,0.00220200
2020-04-28 02:00:00,0.00218300,0.00223900,0.00218000,0.00219600
2020-04-29 02:00:00,0.00218600,0.00222200,0.00205600,0.00206800
2020-04-30 02:00:00,0.00208300,0.00211700,0.00203400,0.00207100
2020-05-01 02:00:00,0.00207100,0.00211000,0.00203400,0.00206200
2020-05-02 02:00:00,0.00206200,0.00209900,0.00205500,0.00208500
2020-05-03 02:00:00,0.00207600,0.00207600,0.00202800,0.00204000
2020-05-04 02:00:00,0.00205000,0.00209000,0.00200500,0.00202000
2020-05-05 02:00:00,0.00200200,0.00219400,0.00199600,0.00208100
2020-05-06 02:00:00,0.00208400,0.00221600,0.00203200,0.00221600
2020-05-07 02:00:00,0.00221600,0.00226100,0.00216500,0.00224300
2020-05-08 02:00:00,0.00220600,0.00225200,0.00214900,0.00220600
2020-05-09 02:00:00,0.00220400,0.00235200,0.00216000,0.00227300
2020-05-10 02:00:00,0.00226300,0.00245000,0.00221600,0.00242500
2020-05-11 02:00:00,0.00244900,0.00258400,0.00238800,0.00242400
2020-05-12 02:00:00,0.00240900,0.00241700,0.00233400,0.00234900
2020-05-13 02:00:00,0.00236300,0.00281700,0.00227300,0.00231700
2020-05-14 02:00:00,0.00231700,0.00241300,0.00230200,0.00237000
2020-05-15 02:00:00,0.00237000,0.00249900,0.00237000,0.00245000
2020-05-16 02:00:00,0.00245500,0.00248300,0.00235500,0.00237700
2020-05-17 02:00:00,0.00235900,0.00237900,0.00227200,0.00230400
2020-05-18 02:00:00,0.00227100,0.00230700,0.00222800,0.00225900
2020-05-19 02:00:00,0.00225000,0.00232100,0.00222800,0.00227800
2020-05-20 02:00:00,0.00229100,0.00233400,0.00225900,0.00228300
2020-05-21 02:00:00,0.00228000,0.00232100,0.00223000,0.00228700
2020-05-22 02:00:00,0.00232000,0.00240300,0.00227000,0.00233600
2020-05-23 02:00:00,0.00233200,0.00249800,0.00233200,0.00237800
2020-05-24 02:00:00,0.00236300,0.00237300,0.00226700,0.00229300
2020-05-25 02:00:00,0.00230600,0.00235200,0.00227600,0.00235200
2020-05-26 02:00:00,0.00234200,0.00242500,0.00234200,0.00240200
2020-05-27 02:00:00,0.00239600,0.00283600,0.00229700,0.00247600
2020-05-28 02:00:00,0.00251000,0.00256200,0.00230900,0.00233200
2020-05-29 02:00:00,0.00230300,0.00236100,0.00224400,0.00233300
2020-05-30 02:00:00,0.00230500,0.00247500,0.00217300,0.00220100
2020-05-31 02:00:00,0.00221200,0.00231600,0.00218000,0.00223700
2020-06-01 02:00:00,0.00221800,0.00226800,0.00217400,0.00218900
2020-06-02 02:00:00,0.00218100,0.00225500,0.00210100,0.00216000
2020-06-03 02:00:00,0.00214100,0.00220100,0.00214100,0.00218400
2020-06-04 02:00:00,0.00218400,0.00220100,0.00213500,0.00215600
2020-06-05 02:00:00,0.00215600,0.00217500,0.00212800,0.00216700
2020-06-06 02:00:00,0.00216600,0.00217700,0.00211400,0.00215400
2020-06-07 02:00:00,0.00216600,0.00219900,0.00212800,0.00215800
2020-06-08 02:00:00,0.00215700,0.00228800,0.00213100,0.00214400
2020-06-09 02:00:00,0.00215300,0.00235600,0.00214400,0.00232900
2020-06-10 02:00:00,0.00232900,0.00253500,0.00229100,0.00241500
2020-06-11 02:00:00,0.00239200,0.00284100,0.00229600,0.00231100
2020-06-12 02:00:00,0.00232500,0.00246600,0.00227700,0.00240100
2020-06-13 02:00:00,0.00240000,0.00244200,0.00234500,0.00240200
2020-06-14 02:00:00,0.00242700,0.00244200,0.00231500,0.00235300
2020-06-15 02:00:00,0.00235600,0.00341100,0.00224900,0.00245700
2020-06-16 02:00:00,0.00248500,0.00254300,0.00238000,0.00239900
2020-06-17 02:00:00,0.00240700,0.00241000,0.00232600,0.00238300
2020-06-18 02:00:00,0.00237100,0.00246600,0.00232200,0.00240000
2020-06-19 02:00:00,0.00242500,0.00247000,0.00233700,0.00235600
2020-06-20 02:00:00,0.00235600,0.00245100,0.00234600,0.00236700
2020-06-21 02:00:00,0.00239800,0.00242900,0.00232700,0.00237200
2020-06-22 02:00:00,0.00235900,0.00235900,0.00224900,0.00228700
2020-06-23 02:00:00,0.00228600,0.00228600,0.00219000,0.00221200
2020-06-24 02:00:00,0.00219400,0.00223200,0.00211600,0.00221200
2020-06-25 02:00:00,0.00218900,0.00221100,0.00213100,0.00218000
2020-06-26 02:00:00,0.00218600,0.00219900,0.00214100,0.00218700
2020-06-27 02:00:00,0.00219500,0.00224100,0.00214500,0.00217600
2020-06-28 02:00:00,0.00216600,0.00218400,0.00211600,0.00215300
2020-06-29 02:00:00,0.00215400,0.00218500,0.00211200,0.00213900
2020-06-30 02:00:00,0.00213700,0.00215200,0.00210100,0.00214800
2020-07-01 02:00:00,0.00212900,0.00226500,0.00212700,0.00223300
2020-07-02 02:00:00,0.00223300,0.00231600,0.00211800,0.00215700
2020-07-03 02:00:00,0.00217000,0.00219400,0.00215000,0.00219100
2020-07-04 02:00:00,0.00217400,0.00231000,0.00217300,0.00220000
2020-07-05 02:00:00,0.00220000,0.00223800,0.00217100,0.00221200
2020-07-06 02:00:00,0.00221300,0.00222200,0.00212200,0.00212300
2020-07-07 02:00:00,0.00211900,0.00218200,0.00210500,0.00213400
2020-07-08 02:00:00,0.00213400,0.00213400,0.00207500,0.00212200
2020-07-09 02:00:00,0.00213300,0.00219100,0.00208700,0.00216100
2020-07-10 02:00:00,0.00217600,0.00218500,0.00209400,0.00212200
2020-07-11 02:00:00,0.00213100,0.00214700,0.00210700,0.00212800
2020-07-12 02:00:00,0.00214400,0.00216700,0.00210500,0.00210500
2020-07-13 02:00:00,0.00211100,0.00218200,0.00210100,0.00214800
2020-07-14 02:00:00,0.00214800,0.00216800,0.00210000,0.00215700
2020-07-15 02:00:00,0.00215700,0.00218700,0.00212900,0.00218700
2020-07-16 02:00:00,0.00218700,0.00228600,0.00210400,0.00211800
2020-07-17 02:00:00,0.00211800,0.00213200,0.00207900,0.00210800
2020-07-18 02:00:00,0.00211900,0.00229100,0.00209500,0.00218300
2020-07-19 02:00:00,0.00220700,0.00229900,0.00212500,0.00215000
2020-07-20 02:00:00,0.00215000,0.00221000,0.00215000,0.00217100
2020-07-21 02:00:00,0.00216400,0.00217200,0.00208600,0.00209100
2020-07-22 02:00:00,0.00209100,0.00214700,0.00191800,0.00195100
2020-07-23 02:00:00,0.00195000,0.00196500,0.00183600,0.00185500
2020-07-24 02:00:00,0.00185400,0.00189100,0.00176300,0.00179200
2020-07-25 02:00:00,0.00179400,0.00180000,0.00163100,0.00163900
2020-07-26 02:00:00,0.00163900,0.00166800,0.00156800,0.00159700
2020-07-27 02:00:00,0.00159700,0.00170700,0.00151400,0.00166900
2020-07-28 02:00:00,0.00166800,0.00172300,0.00165800,0.00168900
2020-07-29 02:00:00,0.00168900,0.00170200,0.00163800,0.00167200
2020-07-30 02:00:00,0.00167100,0.00167500,0.00155100,0.00157700
2020-07-31 02:00:00,0.00157700,0.00159000,0.00148800,0.00149200
2020-08-01 02:00:00,0.00149200,0.00150500,0.00134100,0.00136000
2020-08-02 02:00:00,0.00136200,0.00153100,0.00129100,0.00135300
2020-08-03 02:00:00,0.00135400,0.00137200,0.00130000,0.00134200
2020-08-04 02:00:00,0.00134200,0.00135500,0.00129800,0.00132600
2020-08-05 02:00:00,0.00132800,0.00136100,0.00130200,0.00132300
2020-08-06 02:00:00,0.00132200,0.00134600,0.00131000,0.00133800
2020-08-07 02:00:00,0.00133800,0.00141300,0.00132300,0.00136500
2020-08-08 02:00:00,0.00136700,0.00139500,0.00134600,0.00134700
2020-08-09 02:00:00,0.00134600,0.00149600,0.00133400,0.00147500
2020-08-10 02:00:00,0.00147600,0.00155600,0.00145000,0.00152300
2020-08-11 02:00:00,0.00152300,0.00215500,0.00151400,0.00179000
2020-08-12 02:00:00,0.00179000,0.00192800,0.00160900,0.00177500
2020-08-13 02:00:00,0.00177700,0.00191100,0.00155700,0.00163700
2020-08-14 02:00:00,0.00163600,0.00180700,0.00151700,0.00157800
2020-08-15 02:00:00,0.00157500,0.00158100,0.00150200,0.00152000
2020-08-16 02:00:00,0.00152200,0.00154200,0.00148200,0.00151800
2020-08-17 02:00:00,0.00151800,0.00160300,0.00147000,0.00155600
2020-08-18 02:00:00,0.00155600,0.00190000,0.00153800,0.00163600
2020-08-19 02:00:00,0.00163000,0.00169900,0.00161200,0.00162700
2020-08-20 02:00:00,0.00162600,0.00167200,0.00159600,0.00163500
2020-08-21 02:00:00,0.00163500,0.00189300,0.00163100,0.00178600
2020-08-22 02:00:00,0.00178600,0.00196900,0.00176700,0.00191700
2020-08-23 02:00:00,0.00191600,0.00192900,0.00180900,0.00182700
2020-08-24 02:00:00,0.00182700,0.00221500,0.00178300,0.00195800
2020-08-25 02:00:00,0.00195800,0.00260700,0.00192500,0.00233500
2020-08-26 02:00:00,0.00232600,0.00241800,0.00212100,0.00217600
2020-08-27 02:00:00,0.00216700,0.00216700,0.00192700,0.00195300
2020-08-28 02:00:00,0.00195400,0.00203600,0.00190400,0.00194400
2020-08-29 02:00:00,0.00194500,0.00195700,0.00183700,0.00186300
2020-08-30 02:00:00,0.00185200,0.00187800,0.00175700,0.00175900
2020-08-31 02:00:00,0.00175500,0.00178800,0.00164100,0.00164100
2020-09-01 02:00:00,0.00165100,0.00165300,0.00139300,0.00143600
2020-09-02 02:00:00,0.00143400,0.00182800,0.00139100,0.00168300
2020-09-03 02:00:00,0.00166400,0.00166400,0.00142400,0.00144900
2020-09-04 02:00:00,0.00145700,0.00162300,0.00142100,0.00160800
2020-09-05 02:00:00,0.00161500,0.00167600,0.00153200,0.00160900
2020-09-06 02:00:00,0.00160800,0.00170000,0.00156900,0.00161700
2020-09-07 02:00:00,0.00162000,0.00193200,0.00161200,0.00166700
2020-09-08 02:00:00,0.00166500,0.00194800,0.00166300,0.00190400
2020-09-09 02:00:00,0.00190400,0.00211900,0.00184400,0.00197500
2020-09-10 02:00:00,0.00197400,0.00200700,0.00182100,0.00186100
2020-09-11 02:00:00,0.00184100,0.00184800,0.00175200,0.00175700
2020-09-12 02:00:00,0.00177600,0.00179000,0.00165900,0.00167100
2020-09-13 02:00:00,0.00166400,0.00179100,0.00166400,0.00175600
2020-09-14 02:00:00,0.00175700,0.00184000,0.00172000,0.00177500
2020-09-15 02:00:00,0.00178900,0.00190300,0.00178000,0.00187600
2020-09-16 02:00:00,0.00186400,0.00186400,0.00172000,0.00174900
2020-09-17 02:00:00,0.00175100,0.00175100,0.00154100,0.00158300
2020-09-18 02:00:00,0.00158300,0.00158900,0.00152300,0.00153000
2020-09-19 02:00:00,0.00153200,0.00156200,0.00152300,0.00153800
2020-09-20 02:00:00,0.00153200,0.00156400,0.00148600,0.00150700
2020-09-21 02:00:00,0.00150700,0.00152500,0.00138100,0.00142500
2020-09-22 02:00:00,0.00142500,0.00142500,0.00137500,0.00140200
2020-09-23 02:00:00,0.00140300,0.00146800,0.00138900,0.00141800
2020-09-24 02:00:00,0.00141300,0.00141300,0.00130400,0.00135300
2020-09-25 02:00:00,0.00135400,0.00135600,0.00130500,0.00132800
2020-09-26 02:00:00,0.00132600,0.00134500,0.00130600,0.00132900
2020-09-27 02:00:00,0.00131000,0.00133100,0.00129000,0.00130800
2020-09-28 02:00:00,0.00130800,0.00155500,0.00129200,0.00134100
2020-09-29 02:00:00,0.00132700,0.00135600,0.00131100,0.00132300
2020-09-30 02:00:00,0.00133000,0.00133000,0.00128200,0.00128200
2020-10-01 02:00:00,0.00129400,0.00130700,0.00127300,0.00130300
2020-10-02 02:00:00,0.00130800,0.00131900,0.00124300,0.00125400
2020-10-03 02:00:00,0.00125100,0.00125500,0.00123600,0.00125400
2020-10-04 02:00:00,0.00124500,0.00125300,0.00122200,0.00123900
2020-10-05 02:00:00,0.00122800,0.00124400,0.00121700,0.00122800
2020-10-06 02:00:00,0.00121600,0.00122900,0.00117700,0.00120700
2020-10-07 02:00:00,0.00120700,0.00122800,0.00119100,0.00121100
2020-10-08 02:00:00,0.00120900,0.00148500,0.00119100,0.00124900
2020-10-09 02:00:00,0.00124900,0.00125300,0.00120300,0.00121900
2020-10-10 02:00:00,0.00121400,0.00121400,0.00117700,0.00120400
2020-10-11 02:00:00,0.00120400,0.00120900,0.00118000,0.00119100
2020-10-12 02:00:00,0.00117800,0.00119200,0.00113700,0.00114800
2020-10-13 02:00:00,0.00115400,0.00118100,0.00114000,0.00115000
2020-10-14 02:00:00,0.00115700,0.00115700,0.00109600,0.00110100
2020-10-15 02:00:00,0.00109600,0.00112300,0.00109100,0.00112300
2020-10-16 02:00:00,0.00111400,0.00113300,0.00109800,0.00112900
2020-10-17 02:00:00,0.00112100,0.00113300,0.00110800,0.00111200
2020-10-18 02:00:00,0.00111200,0.00112100,0.00109100,0.00109400
2020-10-19 02:00:00,0.00109100,0.00109800,0.00107300,0.00108300
2020-10-20 02:00:00,0.00108300,0.00112700,0.00108200,0.00111200
2020-10-21 02:00:00,0.00111200,0.00111800,0.00107300,0.00107900
2020-10-22 02:00:00,0.00108000,0.00110000,0.00104600,0.00106000
2020-10-23 02:00:00,0.00106000,0.00106200,0.00102800,0.00104000
2020-10-24 02:00:00,0.00103900,0.00104500,0.00102800,0.00103600
2020-10-25 02:00:00,0.00103600,0.00105800,0.00103500,0.00104200
2020-10-26 01:00:00,0.00104200,0.00106300,0.00102400,0.00103800
2020-10-27 01:00:00,0.00103900,0.00104200,0.00098200,0.00099600
2020-10-28 01:00:00,0.00099300,0.00100100,0.00090800,0.00091400
2020-10-29 01:00:00,0.00091400,0.00123100,0.00091400,0.00096100
2020-10-30 01:00:00,0.00096200,0.00096800,0.00091000,0.00093200
2020-10-31 01:00:00,0.00093200,0.00095800,0.00092400,0.00093800
2020-11-01 01:00:00,0.00093800,0.00094100,0.00090500,0.00090900
2020-11-02 01:00:00,0.00091100,0.00093300,0.00088700,0.00089500
2020-11-03 01:00:00,0.00089500,0.00090200,0.00083600,0.00084400
2020-11-04 01:00:00,0.00084400,0.00084900,0.00078900,0.00080000
2020-11-05 01:00:00,0.00079700,0.00082200,0.00077900,0.00079900
2020-11-06 01:00:00,0.00079800,0.00082600,0.00077700,0.00081000
2020-11-07 01:00:00,0.00081900,0.00081900,0.00075400,0.00078600
2020-11-08 01:00:00,0.00078400,0.00080900,0.00077200,0.00077500
2020-11-09 01:00:00,0.00077700,0.00078900,0.00076900,0.00078100
2020-11-10 01:00:00,0.00078000,0.00080700,0.00077500,0.00079400
2020-11-11 01:00:00,0.00079300,0.00079900,0.00076200,0.00078300
2020-11-12 01:00:00,0.00078400,0.00084300,0.00076600,0.00077900
2020-11-13 01:00:00,0.00077800,0.00080100,0.00077300,0.00077600
2020-11-14 01:00:00,0.00077500,0.00081400,0.00077100,0.00080000
2020-11-15 01:00:00,0.00080000,0.00083500,0.00079600,0.00082100
2020-11-16 01:00:00,0.00082000,0.00082700,0.00079700,0.00080400
2020-11-17 01:00:00,0.00080600,0.00080900,0.00076800,0.00077500
2020-11-18 01:00:00,0.00077500,0.00078700,0.00074100,0.00075900
2020-11-19 01:00:00,0.00075900,0.00077400,0.00075700,0.00076400
2020-11-20 01:00:00,0.00076400,0.00076400,0.00072300,0.00072400
2020-11-21 01:00:00,0.00072400,0.00075700,0.00071600,0.00072000
2020-11-22 01:00:00,0.00071900,0.00072700,0.00066900,0.00068100
2020-11-23 01:00:00,0.00067500,0.00075400,0.00064900,0.00071000
2020-11-24 01:00:00,0.00071100,0.00076200,0.00067500,0.00075900
2020-11-25 01:00:00,0.00076300,0.00082900,0.00072700,0.00076500
2020-11-26 01:00:00,0.00076700,0.00081100,0.00073200,0.00073800
2020-11-27 01:00:00,0.00073800,0.00087300,0.00072700,0.00073900
2020-11-28 01:00:00,0.00073900,0.00075100,0.00070900,0.00071500
2020-11-29 01:00:00,0.00072000,0.00072200,0.00067000,0.00067200
2020-11-30 01:00:00,0.00066600,0.00067200,0.00064100,0.00064500
2020-12-01 01:00:00,0.00065000,0.00070400,0.00064700,0.00065800
2020-12-02 01:00:00,0.00066700,0.00067700,0.00065300,0.00067000
2020-12-03 01:00:00,0.00067100,0.00067500,0.00065200,0.00066300
2020-12-04 01:00:00,0.00066200,0.00068400,0.00065800,0.00068300
2020-12-05 01:00:00,0.00068600,0.00068900,0.00067200,0.00068300
2020-12-06 01:00:00,0.00068300,0.00069300,0.00066500,0.00067400
2020-12-07 01:00:00,0.00068000,0.00068200,0.00066700,0.00067900
2020-12-08 01:00:00,0.00068400,0.00070900,0.00067700,0.00070000
2020-12-09 01:00:00,0.00070000,0.00070500,0.00066600,0.00067500
2020-12-10 01:00:00,0.00067400,0.00069100,0.00066800,0.00068300
2020-12-11 01:00:00,0.00068300,0.00070900,0.00067600,0.00068500
2020-12-12 01:00:00,0.00068500,0.00074900,0.00067900,0.00068400
2020-12-13 01:00:00,0.00068300,0.00069200,0.00066800,0.00066900
2020-12-14 01:00:00,0.00066900,0.00069200,0.00066800,0.00067500
2020-12-15 01:00:00,0.00067300,0.00071100,0.00066500,0.00068700
2020-12-16 01:00:00,0.00068700,0.00069000,0.00063000,0.00063000
2020-12-17 01:00:00,0.00063000,0.00063600,0.00059400,0.00061900
2020-12-18 01:00:00,0.00061900,0.00062300,0.00057500,0.00058800
2020-12-19 01:00:00,0.00058600,0.00059800,0.00056500,0.00057100
2020-12-20 01:00:00,0.00057100,0.00065000,0.00057000,0.00059100
2020-12-21 01:00:00,0.00059100,0.00060200,0.00057500,0.00058500
2020-12-22 01:00:00,0.00058500,0.00059300,0.00055200,0.00055300
2020-12-23 01:00:00,0.00055300,0.00056500,0.00052000,0.00052700
2020-12-24 01:00:00,0.00052700,0.00054400,0.00051400,0.00053800
2020-12-25 01:00:00,0.00053800,0.00054100,0.00050000,0.00050300
2020-12-26 01:00:00,0.00050300,0.00050600,0.00048600,0.00049400
2020-12-27 01:00:00,0.00049200,0.00049500,0.00044300,0.00045200
2020-12-28 01:00:00,0.00045200,0.00047000,0.00042200,0.00045400
2020-12-29 01:00:00,0.00045400,0.00046300,0.00042400,0.00043100
2020-12-30 01:00:00,0.00043100,0.00043400,0.00038700,0.00039000
2020-12-31 01:00:00,0.00039000,0.00040500,0.00038000,0.00040400
2021-01-01 01:00:00,0.00040400,0.00040800,0.00039600,0.00040400
2021-01-02 01:00:00,0.00040300,0.00041100,0.00036500,0.00037100
2021-01-03 01:00:00,0.00037100,0.00037300,0.00028900,0.00030200
2021-01-04 01:00:00,0.00030200,0.00030800,0.00026200,0.00028400
2021-01-05 01:00:00,0.00028400,0.00028800,0.00025900,0.00027700
2021-01-06 01:00:00,0.00027600,0.00029500,0.00026800,0.00027100
2021-01-07 01:00:00,0.00026900,0.00029100,0.00026400,0.00027000
2021-01-08 01:00:00,0.00026800,0.00028800,0.00025400,0.00026800
2021-01-09 01:00:00,0.00026700,0.00029600,0.00026400,0.00027100
2021-01-10 01:00:00,0.00027100,0.00038700,0.00026100,0.00030400
2021-01-11 01:00:00,0.00030300,0.00037800,0.00029900,0.00031400
2021-01-12 01:00:00,0.00031400,0.00032400,0.00029900,0.00031000
2021-01-13 01:00:00,0.00031000,0.00032000,0.00030000,0.00030300
2021-01-14 01:00:00,0.00030300,0.00031100,0.00027600,0.00027600
2021-01-15 01:00:00,0.00027700,0.00034700,0.00027200,0.00031200
2021-01-16 01:00:00,0.00031200,0.00031200,0.00028100,0.00029800
2021-01-17 01:00:00,0.00029800,0.00030400,0.00028700,0.00029300
2021-01-18 01:00:00,0.00029300,0.00030600,0.00029100,0.00029900
2021-01-19 01:00:00,0.00029900,0.00030200,0.00026400,0.00027000
2021-01-20 01:00:00,0.00027000,0.00027700,0.00026100,0.00026200
2021-01-21 01:00:00,0.00026200,0.00030800,0.00026000,0.00030000
2021-01-22 01:00:00,0.00030200,0.00031500,0.00027200,0.00027700
2021-01-23 01:00:00,0.00027700,0.00028700,0.00027100,0.00028600
2021-01-24 01:00:00,0.00028600,0.00029000,0.00026300,0.00026400
2021-01-25 01:00:00,0.00026400,0.00026600,0.00025100,0.00026000
2021-01-26 01:00:00,0.00026000,0.00028100,0.00025300,0.00026400
2021-01-27 01:00:00,0.00026400,0.00027100,0.00025200,0.00026100
2021-01-28 01:00:00,0.00026100,0.00026300,0.00024900,0.00025400
2021-01-29 01:00:00,0.00025400,0.00029100,0.00024800,0.00025500
2021-01-30 01:00:00,0.00025500,0.00027000,0.00025200,0.00026500
2021-01-31 01:00:00,0.00026500,0.00030200,0.00026500,0.00029400
2021-02-01 01:00:00,0.00029400,0.00036000,0.00027700,0.00028200
2021-02-02 01:00:00,0.00028100,0.00029300,0.00025500,0.00028700
2021-02-03 01:00:00,0.00028700,0.00033600,0.00025400,0.00025700
2021-02-04 01:00:00,0.00025600,0.00026500,0.00024900,0.00026100
2021-02-05 01:00:00,0.00026100,0.00027100,0.00025000,0.00025800
2021-02-06 01:00:00,0.00025800,0.00026600,0.00025000,0.00025300
2021-02-07 01:00:00,0.00025300,0.00026600,0.00025000,0.00025600
2021-02-08 01:00:00,0.00025600,0.00026700,0.00024200,0.00025200
2021-02-09 01:00:00,0.00025200,0.00027600,0.00024500,0.00027300
2021-02-10 01:00:00,0.00027300,0.00029200,0.00024900,0.00028700
2021-02-11 01:00:00,0.00028800,0.00031500,0.00028300,0.00030900
2021-02-12 01:00:00,0.00030900,0.00032200,0.00030100,0.00031800
2021-02-13 01:00:00,0.00031800,0.00035900,0.00031700,0.00035000
2021-02-14 01:00:00,0.00035000,0.00037100,0.00032300,0.00034000
2021-02-15 01:00:00,0.00033900,0.00038900,0.00029000,0.00036400
2021-02-16 01:00:00,0.00036400,0.00036800,0.00032100,0.00033100
2021-02-17 01:00:00,0.00033100,0.00033200,0.00030600,0.00031900
2021-02-18 01:00:00,0.00031900,0.00045100,0.00030500,0.00036700
2021-02-19 01:00:00,0.00036600,0.00037900,0.00034400,0.00034800
2021-02-20 01:00:00,0.00034800,0.00035600,0.00032600,0.00032900
2021-02-21 01:00:00,0.00032900,0.00040800,0.00032600,0.00037500
2021-02-22 01:00:00,0.00037400,0.00037900,0.00033600,0.00035200
2021-02-23 01:00:00,0.00035200,0.00035300,0.00031500,0.00032800
2021-02-24 01:00:00,0.00032700,0.00034200,0.00031800,0.00033100
2021-02-25 01:00:00,0.00033100,0.00034400,0.00031700,0.00033300
2021-02-26 01:00:00,0.00033300,0.00033300,0.00031700,0.00032700
2021-02-27 01:00:00,0.00032700,0.00037100,0.00032100,0.00035000
2021-02-28 01:00:00,0.00035000,0.00043600,0.00033700,0.00035500
2021-03-01 01:00:00,0.00035400,0.00037200,0.00033600,0.00033600
2021-03-02 01:00:00,0.00033700,0.00035500,0.00032900,0.00035300
2021-03-03 01:00:00,0.00035400,0.00036000,0.00033100,0.00034200
2021-03-04 01:00:00,0.00034200,0.00034800,0.00033500,0.00034000
2021-03-05 01:00:00,0.00034000,0.00037200,0.00032000,0.00036200
2021-03-06 01:00:00,0.00036100,0.00036200,0.00032900,0.00033800
2021-03-07 01:00:00,0.00033800,0.00034900,0.00032600,0.00032700
2021-03-08 01:00:00,0.00032700,0.00033200,0.00030700,0.00030800
2021-03-09 01:00:00,0.00030800,0.00035200,0.00030800,0.00033500
2021-03-10 01:00:00,0.00033500,0.00034400,0.00032400,0.00032800
2021-03-11 01:00:00,0.00032800,0.00033800,0.00031900,0.00032800
2021-03-12 01:00:00,0.00032800,0.00035800,0.00032600,0.00035500
2021-03-13 01:00:00,0.00035600,0.00040300,0.00033700,0.00035600
2021-03-14 01:00:00,0.00035600,0.00039100,0.00035600,0.00037800
2021-03-15 01:00:00,0.00037700,0.00047000,0.00036200,0.00041100
2021-03-16 01:00:00,0.00041100,0.00042500,0.00038800,0.00039500
2021-03-17 01:00:00,0.00039400,0.00041800,0.00038400,0.00040300
2021-03-18 01:00:00,0.00040300,0.00044900,0.00039400,0.00042500
2021-03-19 01:00:00,0.00042500,0.00048300,0.00040600,0.00045000
2021-03-20 01:00:00,0.00045000,0.00047300,0.00042800,0.00042900
2021-03-21 01:00:00,0.00042900,0.00043700,0.00040700,0.00042800
2021-03-22 01:00:00,0.00042900,0.00048300,0.00042500,0.00046200
2021-03-23 01:00:00,0.00046100,0.00055000,0.00044100,0.00050900
2021-03-24 01:00:00,0.00050900,0.00056700,0.00049300,0.00051100
2021-03-25 01:00:00,0.00051200,0.00051600,0.00046900,0.00048400
2021-03-26 01:00:00,0.00048400,0.00060700,0.00048100,0.00055800
2021-03-27 01:00:00,0.00055600,0.00057100,0.00050400,0.00051400
2021-03-28 01:00:00,0.00051400,0.00060900,0.00051200,0.00056000
2021-03-29 02:00:00,0.00056000,0.00062600,0.00055000,0.00062400
2021-03-30 02:00:00,0.00062500,0.00063100,0.00055700,0.00058700
2021-03-31 02:00:00,0.00058700,0.00063600,0.00054800,0.00055900
2021-04-01 02:00:00,0.00055800,0.00057800,0.00053700,0.00055200
2021-04-02 02:00:00,0.00055200,0.00055400,0.00047400,0.00047800
2021-04-03 02:00:00,0.00047600,0.00048800,0.00044100,0.00044900
2021-04-04 02:00:00,0.00044900,0.00048600,0.00044300,0.00048300
2021-04-05 02:00:00,0.00048300,0.00064400,0.00046000,0.00056000
2021-04-06 02:00:00,0.00056000,0.00058300,0.00050800,0.00053200
2021-04-07 02:00:00,0.00053100,0.00057200,0.00047300,0.00050200
2021-04-08 02:00:00,0.00050400,0.00053500,0.00049000,0.00051600
2021-04-09 02:00:00,0.00051600,0.00059000,0.00050300,0.00056000
2021-04-10 02:00:00,0.00056000,0.00058200,0.00051200,0.00052600
2021-04-11 02:00:00,0.00052600,0.00064400,0.00051800,0.00060500
2021-04-12 02:00:00,0.00060600,0.00061500,0.00055500,0.00058200
2021-04-13 02:00:00,0.00058200,0.00058500,0.00051200,0.00052600
2021-04-14 02:00:00,0.00052600,0.00052600,0.00046500,0.00047000
2021-04-15 02:00:00,0.00046900,0.00049900,0.00045700,0.00047000
2021-04-16 02:00:00,0.00047000,0.00048100,0.00044400,0.00045200
2021-04-17 02:00:00,0.00045200,0.00052400,0.00044900,0.00052000
2021-04-18 02:00:00,0.00052200,0.00052500,0.00038000,0.00044500
2021-04-19 02:00:00,0.00044500,0.00052500,0.00044000,0.00045800
2021-04-20 02:00:00,0.00045800,0.00046000,0.00041300,0.00041500
2021-04-21 02:00:00,0.00041400,0.00043700,0.00037700,0.00037800
2021-04-22 02:00:00,0.00037800,0.00037900,0.00031700,0.00031800
2021-04-23 02:00:00,0.00031900,0.00032100,0.00027400,0.00031200
2021-04-24 02:00:00,0.00031100,0.00049200,0.00030200,0.00038900
2021-04-25 02:00:00,0.00038900,0.00043500,0.00033340,0.00033600
2021-04-26 02:00:00,0.00033600,0.00035420,0.00032740,0.00033300
2021-04-27 02:00:00,0.00033300,0.00035280,0.00032250,0.00033700
2021-04-28 02:00:00,0.00033490,0.00034220,0.00030500,0.00031800
2021-04-29 02:00:00,0.00031700,0.00034320,0.00030980,0.00033280
2021-04-30 02:00:00,0.00033500,0.00040580,0.00032190,0.00037100
2021-05-01 02:00:00,0.00037100,0.00039700,0.00035280,0.00037100
2021-05-02 02:00:00,0.00037100,0.00038840,0.00035200,0.00035670
2021-05-03 02:00:00,0.00035900,0.00038970,0.00031900,0.00032100
2021-05-04 02:00:00,0.00032000,0.00032560,0.00028530,0.00028600
2021-05-05 02:00:00,0.00028600,0.00031820,0.00028500,0.00030000
2021-05-06 02:00:00,0.00030000,0.00033370,0.00029670,0.00032200
2021-05-07 02:00:00,0.00032200,0.00041040,0.00031700,0.00034500
2021-05-08 02:00:00,0.00034600,0.00035380,0.00029230,0.00029590
2021-05-09 02:00:00,0.00029700,0.00030690,0.00027670,0.00028500
2021-05-10 02:00:00,0.00028500,0.00031170,0.00026060,0.00026300
2021-05-11 02:00:00,0.00026500,0.00027200,0.00025300,0.00025900
2021-05-12 02:00:00,0.00025900,0.00047500,0.00024640,0.00028720
2021-05-13 02:00:00,0.00029200,0.00038140,0.00027520,0.00030300
2021-05-14 02:00:00,0.00030400,0.00036860,0.00028200,0.00033100
2021-05-15 02:00:00,0.00033220,0.00039980,0.00030130,0.00032000
2021-05-16 02:00:00,0.00032000,0.00035790,0.00031080,0.00031700
2021-05-17 02:00:00,0.00031800,0.00032540,0.00030130,0.00030800
2021-05-18 02:00:00,0.00030800,0.00031340,0.00028770,0.00029500
2021-05-19 02:00:00,0.00029500,0.00029880,0.00023360,0.00024800
2021-05-20 02:00:00,0.00024690,0.00026100,0.00024300,0.00025300
2021-05-21 02:00:00,0.00025300,0.00026260,0.00022910,0.00023400
2021-05-22 02:00:00,0.00023400,0.00042310,0.00022680,0.00032600
2021-05-23 02:00:00,0.00032500,0.00042890,0.00024710,0.00026120
2021-05-24 02:00:00,0.00026120,0.00030020,0.00023420,0.00024000
2021-05-25 02:00:00,0.00024000,0.00025390,0.00022870,0.00023500
2021-05-26 02:00:00,0.00023500,0.00024840,0.00022910,0.00023900
2021-05-27 02:00:00,0.00023900,0.00025080,0.00023140,0.00024200
2021-05-28 02:00:00,0.00024200,0.00028700,0.00022820,0.00026000
2021-05-29 02:00:00,0.00026090,0.00026650,0.00024630,0.00026300
2021-05-30 02:00:00,0.00026300,0.00038650,0.00024740,0.00032800
2021-05-31 02:00:00,0.00032880,0.00045000,0.00030580,0.00030800
2021-06-01 02:00:00,0.00030800,0.00031640,0.00028450,0.00028900
2021-06-02 02:00:00,0.00028900,0.00042440,0.00026850,0.00034500
2021-06-03 02:00:00,0.00034500,0.00044280,0.00032880,0.00035300
2021-06-04 02:00:00,0.00035420,0.00041130,0.00033500,0.00035200
2021-06-05 02:00:00,0.00035200,0.00037090,0.00034470,0.00034900
2021-06-06 02:00:00,0.00034900,0.00041360,0.00032710,0.00035100
2021-06-07 02:00:00,0.00035100,0.00035220,0.00031020,0.00031300
2021-06-08 02:00:00,0.00031300,0.00033210,0.00030960,0.00031500
2021-06-09 02:00:00,0.00031590,0.00032100,0.00030030,0.00030500
2021-06-10 02:00:00,0.00030500,0.00030840,0.00028790,0.00029100
2021-06-11 02:00:00,0.00029100,0.00033940,0.00027070,0.00027900
2021-06-12 02:00:00,0.00027900,0.00028270,0.00026570,0.00027300
2021-06-13 02:00:00,0.00027300,0.00027750,0.00025730,0.00026100
2021-06-14 02:00:00,0.00026100,0.00028250,0.00025870,0.00027600
2021-06-15 02:00:00,0.00027600,0.00030270,0.00027050,0.00028200
2021-06-16 02:00:00,0.00028200,0.00031000,0.00027970,0.00029900
2021-06-17 02:00:00,0.00029910,0.00031410,0.00029820,0.00030100
2021-06-18 02:00:00,0.00030100,0.00030790,0.00029360,0.00029900
2021-06-19 02:00:00,0.00029950,0.00030820,0.00029370,0.00029900
2021-06-20 02:00:00,0.00029900,0.00030050,0.00028160,0.00028400
2021-06-21 02:00:00,0.00028400,0.00028860,0.00026610,0.00026700
2021-06-22 02:00:00,0.00026700,0.00026740,0.00022820,0.00023800
2021-06-23 02:00:00,0.00023800,0.00025750,0.00023220,0.00024700
2021-06-24 02:00:00,0.00024700,0.00024860,0.00023780,0.00024600
2021-06-25 02:00:00,0.00024600,0.00025010,0.00023540,0.00023700
2021-06-26 02:00:00,0.00023700,0.00024550,0.00023420,0.00023800
2021-06-27 02:00:00,0.00023880,0.00024570,0.00022530,0.00022700
2021-06-28 02:00:00,0.00022600,0.00023240,0.00021200,0.00021600
2021-06-29 02:00:00,0.00021600,0.00022520,0.00021160,0.00021750
2021-06-30 02:00:00,0.00021740,0.00021800,0.00020290,0.00020500
2021-07-01 02:00:00,0.00020500,0.00020600,0.00019800,0.00020600
2021-07-02 02:00:00,0.00020500,0.00021000,0.00020090,0.00020400
2021-07-03 02:00:00,0.00020300,0.00021240,0.00019830,0.00020700
2021-07-04 02:00:00,0.00020700,0.00022410,0.00020090,0.00020120
2021-07-05 02:00:00,0.00020110,0.00021090,0.00019700,0.00021090
2021-07-06 02:00:00,0.00021000,0.00021170,0.00019590,0.00019800
2021-07-07 02:00:00,0.00019800,0.00020110,0.00019490,0.00019800
2021-07-08 02:00:00,0.00019700,0.00020360,0.00019320,0.00020100
2021-07-09 02:00:00,0.00020100,0.00021930,0.00019960,0.00020700
2021-07-10 02:00:00,0.00020700,0.00022090,0.00020530,0.00020900
2021-07-11 02:00:00,0.00020900,0.00026350,0.00020790,0.00023200
2021-07-12 02:00:00,0.00023200,0.00023510,0.00022450,0.00023100
2021-07-13 02:00:00,0.00023100,0.00023420,0.00022300,0.00022800
2021-07-14 02:00:00,0.00022800,0.00024130,0.00022480,0.00023200
2021-07-15 02:00:00,0.00023180,0.00024050,0.00022480,0.00023200
2021-07-16 02:00:00,0.00023200,0.00026610,0.00022370,0.00024000
2021-07-17 02:00:00,0.00024000,0.00026420,0.00023340,0.00023400
2021-07-18 02:00:00,0.00023400,0.00023610,0.00022600,0.00022830
2021-07-19 02:00:00,0.00022800,0.00024410,0.00022200,0.00022900
2021-07-20 02:00:00,0.00022890,0.00023000,0.00021460,0.00021500
2021-07-21 02:00:00,0.00021500,0.00022480,0.00020820,0.00020900
2021-07-22 02:00:00,0.00020900,0.00021920,0.00020740,0.00020800
2021-07-23 02:00:00,0.00020800,0.00021130,0.00020260,0.00020500
2021-07-24 02:00:00,0.00020500,0.00020630,0.00020130,0.00020200
2021-07-25 02:00:00,0.00020200,0.00020920,0.00020050,0.00020800
2021-07-26 02:00:00,0.00020890,0.00020960,0.00019510,0.00019900
2021-07-27 02:00:00,0.00019900,0.00020600,0.00019500,0.00020300
2021-07-28 02:00:00,0.00020300,0.00020730,0.00019820,0.00020000
2021-07-29 02:00:00,0.00020000,0.00020850,0.00019760,0.00020000
2021-07-30 02:00:00,0.00020000,0.00020690,0.00019450,0.00019800
2021-07-31 02:00:00,0.00019800,0.00020450,0.00019380,0.00019400
2021-08-01 02:00:00,0.00019400,0.00019530,0.00018000,0.00018300
2021-08-02 02:00:00,0.00018390,0.00018540,0.00017840,0.00017900
2021-08-03 02:00:00,0.00017900,0.00019190,0.00017880,0.00018500
2021-08-04 02:00:00,0.00018500,0.00019180,0.00017500,0.00017700
2021-08-05 02:00:00,0.00017700,0.00019220,0.00017600,0.00017900
2021-08-06 02:00:00,0.00017920,0.00031990,0.00017810,0.00025800
2021-08-07 02:00:00,0.00025800,0.00028180,0.00022420,0.00022900
2021-08-08 02:00:00,0.00022900,0.00024030,0.00021470,0.00021600
2021-08-09 02:00:00,0.00021600,0.00024070,0.00020800,0.00020800
2021-08-10 02:00:00,0.00020800,0.00021700,0.00019800,0.00020500
2021-08-11 02:00:00,0.00020500,0.00021560,0.00019920,0.00020200
2021-08-12 02:00:00,0.00020200,0.00021010,0.00019790,0.00020770
2021-08-13 02:00:00,0.00020730,0.00024860,0.00020270,0.00021810
2021-08-14 02:00:00,0.00021800,0.00022830,0.00021170,0.00021280
2021-08-15 02:00:00,0.00021260,0.00022740,0.00020910,0.00021280
2021-08-16 02:00:00,0.00021280,0.00021740,0.00020980,0.00021460
2021-08-17 02:00:00,0.00021460,0.00021580,0.00020660,0.00020960
2021-08-18 02:00:00,0.00020960,0.00022920,0.00020540,0.00021840
2021-08-19 02:00:00,0.00021840,0.00025180,0.00021720,0.00023060
2021-08-20 02:00:00,0.00023010,0.00024510,0.00022440,0.00022580
2021-08-21 02:00:00,0.00022580,0.00023060,0.00022000,0.00022440
2021-08-22 02:00:00,0.00022460,0.00023270,0.00021700,0.00022720
2021-08-23 02:00:00,0.00022720,0.00022740,0.00021610,0.00021950
2021-08-24 02:00:00,0.00021960,0.00023900,0.00021450,0.00022970
2021-08-25 02:00:00,0.00022970,0.00027220,0.00022560,0.00022740
2021-08-26 02:00:00,0.00022730,0.00022850,0.00021140,0.00021370
2021-08-27 02:00:00,0.00021340,0.00024230,0.00020820,0.00021870
2021-08-28 02:00:00,0.00021800,0.00021970,0.00021140,0.00021340
2021-08-29 02:00:00,0.00021300,0.00023680,0.00020940,0.00022690
2021-08-30 02:00:00,0.00022680,0.00025690,0.00022130,0.00022250
2021-08-31 02:00:00,0.00022280,0.00022960,0.00021030,0.00021210
2021-09-01 02:00:00,0.00021200,0.00021270,0.00019320,0.00019330
2021-09-02 02:00:00,0.00019390,0.00020590,0.00019350,0.00019640
2021-09-03 02:00:00,0.00019640,0.00019640,0.00018440,0.00018490
2021-09-04 02:00:00,0.00018480,0.00019840,0.00018270,0.00019050
2021-09-05 02:00:00,0.00019050,0.00021200,0.00019010,0.00019610
2021-09-06 02:00:00,0.00019620,0.00020670,0.00019370,0.00020240
2021-09-07 02:00:00,0.00020240,0.00021120,0.00018330,0.00019080
2021-09-08 02:00:00,0.00019080,0.00019190,0.00017890,0.00018280
2021-09-09 02:00:00,0.00018250,0.00019080,0.00018110,0.00018730
2021-09-10 02:00:00,0.00018740,0.00020110,0.00018280,0.00019470
2021-09-11 02:00:00,0.00019380,0.00019680,0.00018910,0.00019090
2021-09-12 02:00:00,0.00019100,0.00019260,0.00018340,0.00018950
2021-09-13 02:00:00,0.00018940,0.00021480,0.00018790,0.00020150
2021-09-14 02:00:00,0.00020140,0.00020210,0.00019050,0.00019050
2021-09-15 02:00:00,0.00019080,0.00020340,0.00018830,0.00019070
2021-09-16 02:00:00,0.00019040,0.00019350,0.00018590,0.00019160
2021-09-17 02:00:00,0.00019130,0.00021140,0.00018930,0.00020400
2021-09-18 02:00:00,0.00020400,0.00022060,0.00019760,0.00021170
2021-09-19 02:00:00,0.00021170,0.00022150,0.00020460,0.00020610
2021-09-20 02:00:00,0.00020630,0.00021840,0.00020150,0.00021130
2021-09-21 02:00:00,0.00021120,0.00021740,0.00020410,0.00020980
2021-09-22 02:00:00,0.00020960,0.00022340,0.00020130,0.00020580
2021-09-23 02:00:00,0.00020580,0.00021180,0.00020290,0.00020730
2021-09-24 02:00:00,0.00020730,0.00022010,0.00020400,0.00020470
2021-09-25 02:00:00,0.00020500,0.00020850,0.00019720,0.00019860
2021-09-26 02:00:00,0.00019860,0.00019910,0.00017770,0.00017850
2021-09-27 02:00:00,0.00017850,0.00018830,0.00017620,0.00017860
2021-09-28 02:00:00,0.00017880,0.00018400,0.00017010,0.00017550
2021-09-29 02:00:00,0.00017550,0.00017800,0.00017350,0.00017400
2021-09-30 02:00:00,0.00017400,0.00017710,0.00016930,0.00017290
2021-10-01 02:00:00,0.00017290,0.00017470,0.00016480,0.00016590
2021-10-02 02:00:00,0.00016600,0.00016830,0.00016170,0.00016480
2021-10-03 02:00:00,0.00016470,0.00016920,0.00016200,0.00016590
2021-10-04 02:00:00,0.00016590,0.00016880,0.00016170,0.00016390
2021-10-05 02:00:00,0.00016390,0.00017210,0.00016030,0.00016190
2021-10-06 02:00:00,0.00016190,0.00016250,0.00015460,0.00016230
2021-10-07 02:00:00,0.00016230,0.00021670,0.00016010,0.00016520
2021-10-08 02:00:00,0.00016500,0.00016680,0.00016060,0.00016550
2021-10-09 02:00:00,0.00016560,0.00017490,0.00016090,0.00016490
2021-10-10 02:00:00,0.00016580,0.00017620,0.00016210,0.00016920
2021-10-11 02:00:00,0.00016980,0.00017160,0.00016320,0.00016600
2021-10-12 02:00:00,0.00016600,0.00017140,0.00016020,0.00016570
2021-10-13 02:00:00,0.00016570,0.00019170,0.00016370,0.00016480
2021-10-14 02:00:00,0.00016480,0.00016590,0.00015620,0.00015670
2021-10-15 02:00:00,0.00015660,0.00016080,0.00014770,0.00015770
2021-10-16 02:00:00,0.00015770,0.00016940,0.00015470,0.00015990
2021-10-17 02:00:00,0.00015990,0.00017870,0.00015750,0.00016210
2021-10-18 02:00:00,0.00016200,0.00018570,0.00015710,0.00017000
2021-10-19 02:00:00,0.00017000,0.00018130,0.00016900,0.00017150
2021-10-20 02:00:00,0.00017150,0.00019830,0.00016360,0.00016460
2021-10-21 02:00:00,0.00016460,0.00019090,0.00016020,0.00016660
2021-10-22 02:00:00,0.00016660,0.00017360,0.00016300,0.00016620
2021-10-23 02:00:00,0.00016620,0.00017570,0.00016440,0.00016920
2021-10-24 02:00:00,0.00016870,0.00018000,0.00016760,0.00017020
2021-10-25 02:00:00,0.00017020,0.00021050,0.00016620,0.00018160
2021-10-26 02:00:00,0.00018150,0.00019830,0.00017690,0.00018010
2021-10-27 02:00:00,0.00017990,0.00018820,0.00015890,0.00016770
2021-10-28 02:00:00,0.00016770,0.00016770,0.00015310,0.00015410
2021-10-29 02:00:00,0.00015380,0.00016740,0.00015170,0.00015370
2021-10-30 02:00:00,0.00015370,0.00016050,0.00015180,0.00015250
2021-10-31 02:00:00,0.00015250,0.00016360,0.00014650,0.00015300
2021-11-01 01:00:00,0.00015300,0.00016010,0.00014850,0.00014930
2021-11-02 01:00:00,0.00014940,0.00015460,0.00014780,0.00014860
2021-11-03 01:00:00,0.00014870,0.00016400,0.00014490,0.00014700
2021-11-04 01:00:00,0.00014700,0.00015110,0.00014640,0.00014870
2021-11-05 01:00:00,0.00014910,0.00015290,0.00014780,0.00014930
2021-11-06 01:00:00,0.00014930,0.00015020,0.00014680,0.00014760
2021-11-07 01:00:00,0.00014810,0.00014820,0.00014200,0.00014310
2021-11-08 01:00:00,0.00014310,0.00014360,0.00013770,0.00013790
2021-11-09 01:00:00,0.00013790,0.00014180,0.00013620,0.00014050
2021-11-10 01:00:00,0.00014050,0.00015090,0.00013870,0.00014090
2021-11-11 01:00:00,0.00014150,0.00015500,0.00014090,0.00014920
2021-11-12 01:00:00,0.00014970,0.00014980,0.00014330,0.00014530
2021-11-13 01:00:00,0.00014530,0.00014840,0.00014400,0.00014650
2021-11-14 01:00:00,0.00014650,0.00015120,0.00014590,0.00014990
2021-11-15 01:00:00,0.00014990,0.00015020,0.00014040,0.00014550
2021-11-16 01:00:00,0.00014550,0.00014930,0.00013830,0.00013950
2021-11-17 01:00:00,0.00013950,0.00014740,0.00013740,0.00014340
2021-11-18 01:00:00,0.00014340,0.00014350,0.00013430,0.00013830
2021-11-19 01:00:00,0.00013830,0.00014610,0.00013590,0.00014000
2021-11-20 01:00:00,0.00014000,0.00016870,0.00013970,0.00014800
2021-11-21 01:00:00,0.00014800,0.00015950,0.00014330,0.00014670
2021-11-22 01:00:00,0.00014670,0.00015200,0.00014360,0.00014840
2021-11-23 01:00:00,0.00014810,0.00015590,0.00014370,0.00014510
2021-11-24 01:00:00,0.00014510,0.00014810,0.00014000,0.00014170
2021-11-25 01:00:00,0.00014180,0.00014610,0.00013940,0.00014160
2021-11-26 01:00:00,0.00014160,0.00014410,0.00013770,0.00013920
2021-11-27 01:00:00,0.00013860,0.00014510,0.00013740,0.00014300
2021-11-28 01:00:00,0.00014300,0.00014900,0.00013520,0.00013630
2021-11-29 01:00:00,0.00013630,0.00014790,0.00013500,0.00013700
2021-11-30 01:00:00,0.00013700,0.00015610,0.00013080,0.00013100
2021-12-01 01:00:00,0.00013100,0.00014740,0.00012720,0.00013730
2021-12-02 01:00:00,0.00013730,0.00078770,0.00013310,0.00062590
2021-12-03 01:00:00,0.00062590,0.00123870,0.00061380,0.00086930
2021-12-04 01:00:00,0.00086890,0.00093150,0.00062580,0.00067240
2021-12-05 01:00:00,0.00067420,0.00080460,0.00051340,0.00069730
2021-12-06 01:00:00,0.00069960,0.00084330,0.00061170,0.00063190
2021-12-07 01:00:00,0.00063280,0.00066410,0.00051790,0.00052470
2021-12-08 01:00:00,0.00052440,0.00058550,0.00047350,0.00047680
2021-12-09 01:00:00,0.00047680,0.00048470,0.00042950,0.00043820
2021-12-10 01:00:00,0.00043600,0.00052840,0.00039560,0.00041550
2021-12-11 01:00:00,0.00041680,0.00044970,0.00040480,0.00041470
2021-12-12 01:00:00,0.00041400,0.00043480,0.00036890,0.00037640
2021-12-13 01:00:00,0.00037560,0.00037660,0.00032530,0.00032940
2021-12-14 01:00:00,0.00032920,0.00038960,0.00032340,0.00033430
2021-12-15 01:00:00,0.00033290,0.00033320,0.00029580,0.00030550
2021-12-16 01:00:00,0.00030590,0.00070680,0.00030160,0.00065110
2021-12-17 01:00:00,0.00065340,0.00069600,0.00046190,0.00047530
2021-12-18 01:00:00,0.00047570,0.00054790,0.00042790,0.00049230
2021-12-19 01:00:00,0.00049410,0.00058870,0.00047220,0.00047740
2021-12-20 01:00:00,0.00047760,0.00060250,0.00047590,0.00052410
2021-12-21 01:00:00,0.00052470,0.00056210,0.00049310,0.00050010
2021-12-22 01:00:00,0.00050010,0.00051330,0.00047680,0.00048760
2021-12-23 01:00:00,0.00048750,0.00051730,0.00045270,0.00047270
2021-12-24 01:00:00,0.00047270,0.00050420,0.00046220,0.00046640
2021-12-25 01:00:00,0.00046650,0.00048220,0.00045560,0.00046230
2021-12-26 01:00:00,0.00046240,0.00047610,0.00044890,0.00045560
2021-12-27 01:00:00,0.00045450,0.00046510,0.00044540,0.00045360
2021-12-28 01:00:00,0.00045360,0.00051580,0.00042830,0.00045810
2021-12-29 01:00:00,0.00045810,0.00081070,0.00045520,0.00067570
2021-12-30 01:00:00,0.00067540,0.00078600,0.00054070,0.00055190
2021-12-31 01:00:00,0.00055040,0.00057340,0.00050930,0.00053030
2022-01-01 01:00:00,0.00053040,0.00056890,0.00052030,0.00052330
2022-01-02 01:00:00,0.00052340,0.00052790,0.00049230,0.00049680
2022-01-03 01:00:00,0.00049560,0.00070950,0.00048580,0.00057870
2022-01-04 01:00:00,0.00057880,0.00061620,0.00055000,0.00056240
2022-01-05 01:00:00,0.00056330,0.00065970,0.00055820,0.00060560
2022-01-06 01:00:00,0.00060570,0.00079780,0.00060570,0.00070450
2022-01-07 01:00:00,0.00070660,0.00081700,0.00069670,0.00075020
2022-01-08 01:00:00,0.00075030,0.00078940,0.00069510,0.00072300
2022-01-09 01:00:00,0.00072310,0.00074980,0.00068780,0.00070720
2022-01-10 01:00:00,0.00070790,0.00073250,0.00065940,0.00068400
2022-01-11 01:00:00,0.00068260,0.00070570,0.00066010,0.00067400
2022-01-12 01:00:00,0.00067410,0.00070750,0.00066240,0.00066800
2022-01-13 01:00:00,0.00066810,0.00068820,0.00064470,0.00066340
2022-01-14 01:00:00,0.00066350,0.00073000,0.00066200,0.00067860
2022-01-15 01:00:00,0.00067870,0.00068460,0.00065180,0.00066420
2022-01-16 01:00:00,0.00066430,0.00067740,0.00065160,0.00066200
2022-01-17 01:00:00,0.00066210,0.00069630,0.00065680,0.00067710
2022-01-18 01:00:00,0.00067720,0.00068230,0.00062460,0.00064880
2022-01-19 01:00:00,0.00064890,0.00069370,0.00062800,0.00064650
2022-01-20 01:00:00,0.00064440,0.00064690,0.00061420,0.00061860
2022-01-21 01:00:00,0.00062020,0.00063410,0.00058070,0.00058390
2022-01-22 01:00:00,0.00058430,0.00059060,0.00048800,0.00055110
2022-01-23 01:00:00,0.00055110,0.00065230,0.00054190,0.00058700
2022-01-24 01:00:00,0.00058700,0.00059160,0.00054950,0.00058670
2022-01-25 01:00:00,0.00058640,0.00059340,0.00056120,0.00057070
2022-01-26 01:00:00,0.00057070,0.00059410,0.00054070,0.00057160
2022-01-27 01:00:00,0.00057140,0.00058590,0.00055440,0.00057360
2022-01-28 01:00:00,0.00057440,0.00072450,0.00056850,0.00059350
2022-01-29 01:00:00,0.00059340,0.00061280,0.00057520,0.00058690
2022-01-30 01:00:00,0.00058660,0.00064520,0.00056590,0.00057780
2022-01-31 01:00:00,0.00057760,0.00064180,0.00057520,0.00058360
2022-02-01 01:00:00,0.00058250,0.00059410,0.00056000,0.00056470
2022-02-02 01:00:00,0.00056460,0.00056850,0.00054040,0.00054300
2022-02-03 01:00:00,0.00054310,0.00056570,0.00052640,0.00054160
2022-02-04 01:00:00,0.00054230,0.00058050,0.00051270,0.00051620
2022-02-05 01:00:00,0.00051630,0.00053470,0.00050860,0.00051010
2022-02-06 01:00:00,0.00051070,0.00054940,0.00050830,0.00052500
2022-02-07 01:00:00,0.00052500,0.00053030,0.00051160,0.00051600
2022-02-08 01:00:00,0.00051620,0.00064640,0.00050220,0.00055460
2022-02-09 01:00:00,0.00055590,0.00063420,0.00055410,0.00056890
2022-02-10 01:00:00,0.00056880,0.00058520,0.00054280,0.00055190
2022-02-11 01:00:00,0.00055210,0.00056590,0.00052750,0.00053750
2022-02-12 01:00:00,0.00053720,0.00057250,0.00052740,0.00055120
2022-02-13 01:00:00,0.00055140,0.00057120,0.00054460,0.00055000
2022-02-14 01:00:00,0.00054990,0.00055630,0.00052500,0.00052950
2022-02-15 01:00:00,0.00052970,0.00060940,0.00052670,0.00053900
2022-02-16 01:00:00,0.00053910,0.00055300,0.00053010,0.00054150
2022-02-17 01:00:00,0.00054170,0.00055940,0.00053430,0.00054030
2022-02-18 01:00:00,0.00054000,0.00056200,0.00053790,0.00055200
2022-02-19 01:00:00,0.00055210,0.00056440,0.00053930,0.00055610
2022-02-20 01:00:00,0.00055560,0.00055850,0.00052670,0.00053890
2022-02-21 01:00:00,0.00053880,0.00056920,0.00050220,0.00051160
2022-02-22 01:00:00,0.00051140,0.00055490,0.00049200,0.00052670
2022-02-23 01:00:00,0.00052810,0.00057320,0.00051730,0.00053890
2022-02-24 01:00:00,0.00053970,0.00056140,0.00050870,0.00053600
2022-02-25 01:00:00,0.00053540,0.00056450,0.00050580,0.00051280
2022-02-26 01:00:00,0.00051250,0.00052590,0.00050340,0.00051020
2022-02-27 01:00:00,0.00051060,0.00052670,0.00049750,0.00051770
2022-02-28 01:00:00,0.00051780,0.00057990,0.00051700,0.00051750
2022-03-01 01:00:00,0.00051780,0.00068780,0.00051470,0.00063780
2022-03-02 01:00:00,0.00063810,0.00066280,0.00056700,0.00057590
2022-03-03 01:00:00,0.00057570,0.00061670,0.00056360,0.00058830
2022-03-04 01:00:00,0.00058820,0.00068990,0.00058610,0.00062490
2022-03-05 01:00:00,0.00062500,0.00065930,0.00061970,0.00063450
2022-03-06 01:00:00,0.00063490,0.00068630,0.00062760,0.00066430
2022-03-07 01:00:00,0.00066410,0.00071800,0.00065830,0.00068740
2022-03-08 01:00:00,0.00068960,0.00070050,0.00064240,0.00064770
2022-03-09 01:00:00,0.00064850,0.00065200,0.00060900,0.00062290
2022-03-10 01:00:00,0.00062340,0.00065810,0.00061680,0.00065340
2022-03-11 01:00:00,0.00065310,0.00070840,0.00065100,0.00069960
2022-03-12 01:00:00,0.00069880,0.00071550,0.00065600,0.00066500
2022-03-13 01:00:00,0.00066480,0.00067610,0.00064930,0.00066270
2022-03-14 01:00:00,0.00066400,0.00071600,0.00064750,0.00065450
2022-03-15 01:00:00,0.00065720,0.00068080,0.00063120,0.00063310
2022-03-16 01:00:00,0.00063380,0.00064190,0.00059630,0.00059780
2022-03-17 01:00:00,0.00059790,0.00061250,0.00058270,0.00058870
2022-03-18 01:00:00,0.00058910,0.00061390,0.00053630,0.00054350
2022-03-19 01:00:00,0.00054340,0.00054520,0.00052900,0.00053640
2022-03-20 01:00:00,0.00053560,0.00058830,0.00053320,0.00056920
2022-03-21 01:00:00,0.00056940,0.00056990,0.00053740,0.00055150
2022-03-22 01:00:00,0.00055130,0.00058030,0.00053560,0.00054260
2022-03-23 01:00:00,0.00054250,0.00054690,0.00053170,0.00053290
2022-03-24 01:00:00,0.00053330,0.00053890,0.00051740,0.00052140
2022-03-25 01:00:00,0.00052130,0.00053390,0.00051230,0.00051550
2022-03-26 01:00:00,0.00051570,0.00052020,0.00051050,0.00051180
2022-03-27 01:00:00,0.00051200,0.00051500,0.00049360,0.00049440
2022-03-28 02:00:00,0.00049400,0.00052620,0.00048910,0.00050000
2022-03-29 02:00:00,0.00050020,0.00050960,0.00047930,0.00048680
2022-03-30 02:00:00,0.00048670,0.00048820,0.00047710,0.00048310
2022-03-31 02:00:00,0.00048340,0.00048590,0.00046370,0.00046910
2022-04-01 02:00:00,0.00046950,0.00047200,0.00045580,0.00046590
2022-04-02 02:00:00,0.00046540,0.00048220,0.00045050,0.00046970
2022-04-03 02:00:00,0.00046930,0.00048900,0.00045690,0.00046650
2022-04-04 02:00:00,0.00046660,0.00085920,0.00046310,0.00068610
2022-04-05 02:00:00,0.00068650,0.00071460,0.00055920,0.00057440
2022-04-06 02:00:00,0.00057460,0.00060070,0.00053560,0.00054320
2022-04-07 02:00:00,0.00054310,0.00061470,0.00052960,0.00057590
2022-04-08 02:00:00,0.00057660,0.00061290,0.00053690,0.00056420
2022-04-09 02:00:00,0.00056450,0.00069490,0.00056030,0.00058190
2022-04-10 02:00:00,0.00058000,0.00058570,0.00054660,0.00055190
2022-04-11 02:00:00,0.00055200,0.00055450,0.00051640,0.00052330
2022-04-12 02:00:00,0.00052290,0.00056840,0.00052030,0.00053110
2022-04-13 02:00:00,0.00053120,0.00061620,0.00052470,0.00060030
2022-04-14 02:00:00,0.00059870,0.00068590,0.00056450,0.00056500
2022-04-15 02:00:00,0.00056520,0.00057710,0.00054070,0.00056000
2022-04-16 02:00:00,0.00056020,0.00057740,0.00054080,0.00054330
2022-04-17 02:00:00,0.00054340,0.00057900,0.00053760,0.00055280
2022-04-18 02:00:00,0.00055270,0.00061280,0.00055140,0.00056030
2022-04-19 02:00:00,0.00055860,0.00057760,0.00054750,0.00055480
2022-04-20 02:00:00,0.00055450,0.00057520,0.00054350,0.00054790
2022-04-21 02:00:00,0.00054780,0.00056950,0.00053590,0.00056460
2022-04-22 02:00:00,0.00056550,0.00065360,0.00056210,0.00059230
2022-04-23 02:00:00,0.00059220,0.00061150,0.00057680,0.00058900
2022-04-24 02:00:00,0.00058900,0.00066610,0.00058290,0.00062270
2022-04-25 02:00:00,0.00062260,0.00069090,0.00061230,0.00062460
