Open Time,Open,High,Low,Close
2021-12-14 01:00:00,0.00037890,0.01200000,0.00037890,0.00537000
2021-12-15 01:00:00,0.00536900,0.00863990,0.00460000,0.00698900
2021-12-16 01:00:00,0.00697100,0.00888880,0.00591630,0.00624810
2021-12-17 01:00:00,0.00619110,0.00650460,0.00551070,0.00553090
2021-12-18 01:00:00,0.00554440,0.00559650,0.00460570,0.00531690
2021-12-19 01:00:00,0.00528440,0.00650100,0.00485000,0.00564030
2021-12-20 01:00:00,0.00562630,0.00642000,0.00535260,0.00553700
2021-12-21 01:00:00,0.00552650,0.00610580,0.00544000,0.00554900
2021-12-22 01:00:00,0.00554900,0.00594630,0.00539010,0.00557000
2021-12-23 01:00:00,0.00556440,0.00562190,0.00523000,0.00560000
2021-12-24 01:00:00,0.00555570,0.00576000,0.00528360,0.00534840
2021-12-25 01:00:00,0.00533880,0.00545310,0.00503020,0.00518230
2021-12-26 01:00:00,0.00518890,0.00541210,0.00507270,0.00511330
2021-12-27 01:00:00,0.00509850,0.00561600,0.00503350,0.00521500
2021-12-28 01:00:00,0.00519210,0.00562590,0.00485510,0.00557700
2021-12-29 01:00:00,0.00556850,0.00722000,0.00535960,0.00590350
2021-12-30 01:00:00,0.00588470,0.00646000,0.00568000,0.00628700
2021-12-31 01:00:00,0.00631790,0.00778010,0.00620540,0.00706090
2022-01-01 01:00:00,0.00704290,0.00747000,0.00663070,0.00678130
2022-01-02 01:00:00,0.00679360,0.00825000,0.00671060,0.00758330
2022-01-03 01:00:00,0.00756000,0.00775960,0.00674000,0.00683990
2022-01-04 01:00:00,0.00683930,0.00698000,0.00639530,0.00639540
2022-01-05 01:00:00,0.00642140,0.00663010,0.00593100,0.00618540
2022-01-06 01:00:00,0.00618540,0.00685370,0.00611180,0.00634600
2022-01-07 01:00:00,0.00632440,0.00635180,0.00590000,0.00591060
2022-01-08 01:00:00,0.00591060,0.00637070,0.00582000,0.00601500
2022-01-09 01:00:00,0.00601220,0.00606600,0.00580000,0.00589130
2022-01-10 01:00:00,0.00594750,0.00607000,0.00547000,0.00559320
2022-01-11 01:00:00,0.00558000,0.00568540,0.00508000,0.00520630
2022-01-12 01:00:00,0.00521790,0.00603000,0.00512000,0.00536120
2022-01-13 01:00:00,0.00536990,0.00548810,0.00509960,0.00514410
2022-01-14 01:00:00,0.00512890,0.00513850,0.00486120,0.00486120
2022-01-15 01:00:00,0.00486140,0.00512290,0.00483000,0.00499860
2022-01-16 01:00:00,0.00497780,0.00570000,0.00490900,0.00511300
2022-01-17 01:00:00,0.00509680,0.00517000,0.00495530,0.00509190
2022-01-18 01:00:00,0.00509220,0.00515460,0.00450010,0.00466750
2022-01-19 01:00:00,0.00466940,0.00468720,0.00443170,0.00458910
2022-01-20 01:00:00,0.00456270,0.00458520,0.00394300,0.00416560
2022-01-21 01:00:00,0.00418070,0.00429290,0.00372560,0.00405670
2022-01-22 01:00:00,0.00404690,0.00406260,0.00334820,0.00351250
2022-01-23 01:00:00,0.00353830,0.00438000,0.00347050,0.00391110
2022-01-24 01:00:00,0.00391100,0.00435980,0.00355500,0.00392910
2022-01-25 01:00:00,0.00392910,0.00435000,0.00388470,0.00397780
2022-01-26 01:00:00,0.00398010,0.00422020,0.00386000,0.00406190
2022-01-27 01:00:00,0.00408560,0.00412800,0.00363900,0.00376250
2022-01-28 01:00:00,0.00371670,0.00420500,0.00370290,0.00412760
2022-01-29 01:00:00,0.00411880,0.00439500,0.00404000,0.00407740
2022-01-30 01:00:00,0.00408280,0.00417500,0.00384000,0.00392310
2022-01-31 01:00:00,0.00391700,0.00404000,0.00384080,0.00402150
2022-02-01 01:00:00,0.00404000,0.00434500,0.00385080,0.00420410
2022-02-02 01:00:00,0.00422370,0.00591000,0.00420090,0.00491130
2022-02-03 01:00:00,0.00490500,0.00559500,0.00474450,0.00514500
2022-02-04 01:00:00,0.00514500,0.00531310,0.00489000,0.00496500
2022-02-05 01:00:00,0.00496430,0.00502450,0.00448330,0.00477550
2022-02-06 01:00:00,0.00480340,0.00531000,0.00470520,0.00494550
2022-02-07 01:00:00,0.00493000,0.00500000,0.00460000,0.00465900
2022-02-08 01:00:00,0.00466570,0.00466570,0.00415510,0.00429370
2022-02-09 01:00:00,0.00431220,0.00444550,0.00422000,0.00437680
2022-02-10 01:00:00,0.00435850,0.00442530,0.00405000,0.00408920
2022-02-11 01:00:00,0.00411710,0.00412510,0.00361340,0.00366060
2022-02-12 01:00:00,0.00365050,0.00377500,0.00357010,0.00364430
2022-02-13 01:00:00,0.00365470,0.00399000,0.00340020,0.00340940
2022-02-14 01:00:00,0.00340000,0.00357500,0.00337700,0.00349040
2022-02-15 01:00:00,0.00347260,0.00355330,0.00337680,0.00343780
2022-02-16 01:00:00,0.00345600,0.00360470,0.00335110,0.00353610
2022-02-17 01:00:00,0.00351520,0.00354830,0.00328750,0.00330660
2022-02-18 01:00:00,0.00334220,0.00335240,0.00310970,0.00316910
2022-02-19 01:00:00,0.00317070,0.00319870,0.00310840,0.00314630
2022-02-20 01:00:00,0.00315250,0.00316470,0.00280510,0.00284820
2022-02-21 01:00:00,0.00284780,0.00297050,0.00270590,0.00271550
2022-02-22 01:00:00,0.00272960,0.00272970,0.00247300,0.00257270
2022-02-23 01:00:00,0.00256330,0.00389990,0.00252860,0.00330020
2022-02-24 01:00:00,0.00330040,0.00385820,0.00301350,0.00332330
2022-02-25 01:00:00,0.00331800,0.00431450,0.00328610,0.00400590
2022-02-26 01:00:00,0.00396070,0.00414810,0.00362650,0.00380700
2022-02-27 01:00:00,0.00379690,0.00479980,0.00368760,0.00417800
2022-02-28 01:00:00,0.00416250,0.00454170,0.00399260,0.00412190
2022-03-01 01:00:00,0.00417970,0.00417970,0.00386190,0.00389240
2022-03-02 01:00:00,0.00389580,0.00519910,0.00376230,0.00462990
2022-03-03 01:00:00,0.00455900,0.00476880,0.00417770,0.00442250
2022-03-04 01:00:00,0.00442190,0.00449130,0.00377170,0.00381520
2022-03-05 01:00:00,0.00382110,0.00405970,0.00382110,0.00389520
2022-03-06 01:00:00,0.00392290,0.00392750,0.00356000,0.00356790
2022-03-07 01:00:00,0.00356790,0.00356950,0.00315560,0.00323360
2022-03-08 01:00:00,0.00322880,0.00385000,0.00322880,0.00334480
2022-03-09 01:00:00,0.00336090,0.00355970,0.00323060,0.00327520
2022-03-10 01:00:00,0.00327010,0.00348340,0.00319050,0.00321150
2022-03-11 01:00:00,0.00322850,0.00326110,0.00312500,0.00313890
2022-03-12 01:00:00,0.00313990,0.00379960,0.00310920,0.00347310
2022-03-13 01:00:00,0.00345690,0.00380000,0.00328350,0.00329600
2022-03-14 01:00:00,0.00328620,0.00328630,0.00309220,0.00314970
2022-03-15 01:00:00,0.00314730,0.00316280,0.00282710,0.00292180
2022-03-16 01:00:00,0.00291810,0.00299790,0.00286290,0.00299790
2022-03-17 01:00:00,0.00300320,0.00332480,0.00286800,0.00288150
2022-03-18 01:00:00,0.00287820,0.00293660,0.00277020,0.00286550
2022-03-19 01:00:00,0.00286550,0.00355000,0.00286430,0.00327430
2022-03-20 01:00:00,0.00324870,0.00335100,0.00306810,0.00327910
2022-03-21 01:00:00,0.00326960,0.00358350,0.00310280,0.00322770
2022-03-22 01:00:00,0.00321140,0.00346250,0.00315410,0.00328690
2022-03-23 01:00:00,0.00328680,0.00384630,0.00324930,0.00341910
2022-03-24 01:00:00,0.00340950,0.00350070,0.00329310,0.00339740
2022-03-25 01:00:00,0.00339740,0.00339740,0.00317200,0.00320960
2022-03-26 01:00:00,0.00319830,0.00337690,0.00312150,0.00324730
2022-03-27 01:00:00,0.00324520,0.00327190,0.00315840,0.00322930
2022-03-28 02:00:00,0.00321840,0.00338820,0.00315430,0.00319380
2022-03-29 02:00:00,0.00322430,0.00399820,0.00322430,0.00383170
2022-03-30 02:00:00,0.00390870,0.00514590,0.00379130,0.00451840
2022-03-31 02:00:00,0.00451840,0.00457300,0.00370630,0.00383270
2022-04-01 02:00:00,0.00389950,0.00491250,0.00373520,0.00433980
2022-04-02 02:00:00,0.00432570,0.00644960,0.00432570,0.00499150
2022-04-03 02:00:00,0.00500540,0.00550000,0.00453940,0.00468850
2022-04-04 02:00:00,0.00470590,0.00490390,0.00411900,0.00431800
2022-04-05 02:00:00,0.00431210,0.00503630,0.00425400,0.00425400
2022-04-06 02:00:00,0.00425040,0.00464700,0.00394010,0.00395900
2022-04-07 02:00:00,0.00395910,0.00424000,0.00391080,0.00406090
2022-04-08 02:00:00,0.00405820,0.00415110,0.00374290,0.00379550
2022-04-09 02:00:00,0.00377720,0.00398670,0.00362260,0.00383400
2022-04-10 02:00:00,0.00384240,0.00420720,0.00381610,0.00384310
2022-04-11 02:00:00,0.00385620,0.00385620,0.00347220,0.00352280
2022-04-12 02:00:00,0.00351540,0.00358350,0.00325380,0.00338350
2022-04-13 02:00:00,0.00336610,0.00351980,0.00322790,0.00345340
2022-04-14 02:00:00,0.00343160,0.00374390,0.00336970,0.00339940
2022-04-15 02:00:00,0.00338530,0.00361070,0.00332900,0.00361070
2022-04-16 02:00:00,0.00362870,0.00373990,0.00341130,0.00349060
2022-04-17 02:00:00,0.00348550,0.00381290,0.00344640,0.00360960
2022-04-18 02:00:00,0.00357920,0.00406770,0.00356800,0.00389390
2022-04-19 02:00:00,0.00390640,0.00412440,0.00369380,0.00375950
2022-04-20 02:00:00,0.00373980,0.00383180,0.00361560,0.00364550
2022-04-21 02:00:00,0.00362230,0.00375670,0.00345440,0.00347000
2022-04-22 02:00:00,0.00347170,0.00349550,0.00332900,0.00341380
2022-04-23 02:00:00,0.00339780,0.00343620,0.00330050,0.00335020
2022-04-24 02:00:00,0.00333610,0.00334760,0.00317620,0.00324030
2022-04-25 02:00:00,0.00322960,0.00355260,0.00315250,0.00339000
2022-04-26 02:00:00,0.00340090,0.00347990,0.00324810,0.00331250
2022-04-27 02:00:00,0.00331030,0.00340240,0.00319970,0.00333700
2022-04-28 02:00:00,0.00333290,0.00396130,0.00325510,0.00345200
2022-04-29 02:00:00,0.00346680,0.00414990,0.00328660,0.00345340
2022-04-30 02:00:00,0.00341240,0.00351050,0.00311030,0.00315960
2022-05-01 02:00:00,0.00317450,0.00327030,0.00304240,0.00321580
2022-05-02 02:00:00,0.00322200,0.00348770,0.00306020,0.00309200
2022-05-03 02:00:00,0.00310140,0.00338990,0.00309620,0.00323150
2022-05-04 02:00:00,0.00322570,0.00334530,0.00309390,0.00327420
2022-05-05 02:00:00,0.00325260,0.00334330,0.00293130,0.00297210
2022-05-06 02:00:00,0.00298180,0.00298950,0.00280600,0.00289460
2022-05-07 02:00:00,0.00288920,0.00291890,0.00274680,0.00279620
2022-05-08 02:00:00,0.00280410,0.00296290,0.00273960,0.00282250
2022-05-09 02:00:00,0.00285040,0.00297660,0.00268490,0.00270680
2022-05-10 02:00:00,0.00270680,0.00273040,0.00246450,0.00250350
2022-05-11 02:00:00,0.00253110,0.00254810,0.00159970,0.00171920
2022-05-12 02:00:00,0.00163900,0.00184900,0.00143160,0.00180840
2022-05-13 02:00:00,0.00182640,0.00253890,0.00181010,0.00204970
2022-05-14 02:00:00,0.00198220,0.00206590,0.00183640,0.00201520
2022-05-15 02:00:00,0.00200550,0.00211990,0.00183680,0.00193450
2022-05-16 02:00:00,0.00189520,0.00197380,0.00181560,0.00184100
2022-05-17 02:00:00,0.00182710,0.00197730,0.00182710,0.00193070
2022-05-18 02:00:00,0.00192590,0.00192940,0.00174350,0.00176580
2022-05-19 02:00:00,0.00176720,0.00181580,0.00169560,0.00176780
2022-05-20 02:00:00,0.00177930,0.00222830,0.00175640,0.00195960
2022-05-21 02:00:00,0.00195870,0.00223330,0.00192740,0.00210350
2022-05-22 02:00:00,0.00207020,0.00234210,0.00201130,0.00211250
2022-05-23 02:00:00,0.00211530,0.00237680,0.00197830,0.00199790
2022-05-24 02:00:00,0.00199810,0.00214220,0.00196580,0.00204780
2022-05-25 02:00:00,0.00206210,0.00212410,0.00197690,0.00202770
2022-05-26 02:00:00,0.00204180,0.00232150,0.00201910,0.00206500
2022-05-27 02:00:00,0.00207240,0.00207240,0.00188550,0.00191500
2022-05-28 02:00:00,0.00193390,0.00207060,0.00190170,0.00201180
2022-05-29 02:00:00,0.00198810,0.00211360,0.00196210,0.00200420
2022-05-30 02:00:00,0.00200460,0.00210310,0.00200460,0.00206810
2022-05-31 02:00:00,0.00208250,0.00240580,0.00208250,0.00211210
2022-06-01 02:00:00,0.00210940,0.00221880,0.00186950,0.00197690
2022-06-02 02:00:00,0.00195880,0.00197210,0.00177290,0.00185650
2022-06-03 02:00:00,0.00185920,0.00192440,0.00181010,0.00190030
2022-06-04 02:00:00,0.00190210,0.00203180,0.00189230,0.00199670
2022-06-05 02:00:00,0.00200280,0.00201180,0.00187370,0.00194780
2022-06-06 02:00:00,0.00193000,0.00200200,0.00186450,0.00190200
2022-06-07 02:00:00,0.00188300,0.00188680,0.00176600,0.00176600
2022-06-08 02:00:00,0.00175730,0.00189610,0.00174860,0.00178090
2022-06-09 02:00:00,0.00179080,0.00181840,0.00168480,0.00170170
2022-06-10 02:00:00,0.00170940,0.00200200,0.00168480,0.00174600
2022-06-11 02:00:00,0.00174380,0.00185910,0.00166440,0.00166440
2022-06-12 02:00:00,0.00165620,0.00168430,0.00155650,0.00165620
2022-06-13 02:00:00,0.00164870,0.00174350,0.00155300,0.00167740
2022-06-14 02:00:00,0.00167360,0.00184070,0.00165640,0.00179230
2022-06-15 02:00:00,0.00180320,0.00187040,0.00173030,0.00177240
2022-06-16 02:00:00,0.00176850,0.00177620,0.00170000,0.00174350
2022-06-17 02:00:00,0.00174000,0.00175550,0.00171310,0.00173140
2022-06-18 02:00:00,0.00174350,0.00180000,0.00172290,0.00176960
2022-06-19 02:00:00,0.00175730,0.00180050,0.00173140,0.00176080
2022-06-20 02:00:00,0.00174860,0.00181380,0.00170050,0.00171070
2022-06-21 02:00:00,0.00172090,0.00177820,0.00170000,0.00173140
2022-06-22 02:00:00,0.00174140,0.00175210,0.00168080,0.00168400
2022-06-23 02:00:00,0.00168390,0.00195380,0.00163990,0.00170600
2022-06-24 02:00:00,0.00171630,0.00200680,0.00164760,0.00166440
2022-06-25 02:00:00,0.00167590,0.00173490,0.00158930,0.00170600
2022-06-26 02:00:00,0.00169770,0.00209540,0.00169760,0.00178710
2022-06-27 02:00:00,0.00179380,0.00189610,0.00169400,0.00174470
2022-06-28 02:00:00,0.00173140,0.00174190,0.00159000,0.00161580
2022-06-29 02:00:00,0.00162710,0.00171290,0.00160790,0.00160790
2022-06-30 02:00:00,0.00160050,0.00161120,0.00153930,0.00157270
2022-07-01 02:00:00,0.00158610,0.00158900,0.00154300,0.00156420
2022-07-02 02:00:00,0.00156600,0.00158100,0.00146230,0.00153320
2022-07-03 02:00:00,0.00151690,0.00151890,0.00144430,0.00146110
2022-07-04 02:00:00,0.00147590,0.00149740,0.00143350,0.00145950
2022-07-05 02:00:00,0.00145970,0.00145970,0.00140920,0.00141850
2022-07-06 02:00:00,0.00141590,0.00164230,0.00137010,0.00144580
2022-07-07 02:00:00,0.00144580,0.00157200,0.00142420,0.00148640
2022-07-08 02:00:00,0.00149280,0.00160000,0.00144670,0.00144670
2022-07-09 02:00:00,0.00144510,0.00148830,0.00141930,0.00147970
2022-07-10 02:00:00,0.00147970,0.00147970,0.00142290,0.00143750
2022-07-11 02:00:00,0.00143320,0.00145720,0.00139750,0.00141510
2022-07-12 02:00:00,0.00142370,0.00149450,0.00137030,0.00137620
2022-07-13 02:00:00,0.00136910,0.00148450,0.00136910,0.00143640
2022-07-14 02:00:00,0.00142600,0.00170000,0.00140070,0.00148550
2022-07-15 02:00:00,0.00147330,0.00158590,0.00146450,0.00148700
2022-07-16 02:00:00,0.00149040,0.00154290,0.00145690,0.00153750
2022-07-17 02:00:00,0.00150200,0.00157220,0.00143690,0.00144040
2022-07-18 02:00:00,0.00143510,0.00154650,0.00141990,0.00143720
2022-07-19 02:00:00,0.00144090,0.00165950,0.00144090,0.00149460
2022-07-20 02:00:00,0.00148770,0.00157130,0.00142320,0.00142320
2022-07-21 02:00:00,0.00141880,0.00145290,0.00140100,0.00142770
2022-07-22 02:00:00,0.00144370,0.00144370,0.00134260,0.00135310
2022-07-23 02:00:00,0.00136670,0.00139700,0.00135180,0.00139410
2022-07-24 02:00:00,0.00138950,0.00150270,0.00138580,0.00141960
2022-07-25 02:00:00,0.00142110,0.00143530,0.00139040,0.00140230
2022-07-26 02:00:00,0.00144000,0.00145340,0.00131980,0.00135910
2022-07-27 02:00:00,0.00137140,0.00146370,0.00132120,0.00134310
2022-07-28 02:00:00,0.00134490,0.00154270,0.00133380,0.00141770
2022-07-29 02:00:00,0.00142190,0.00155680,0.00134450,0.00141190
2022-07-30 02:00:00,0.00139990,0.00149010,0.00137790,0.00139250
2022-07-31 02:00:00,0.00143140,0.00193380,0.00142180,0.00145490
2022-08-01 02:00:00,0.00149530,0.00150450,0.00142980,0.00149830
2022-08-02 02:00:00,0.00150890,0.00160500,0.00140270,0.00153300
2022-08-03 02:00:00,0.00155050,0.00155060,0.00137190,0.00137190
2022-08-04 02:00:00,0.00140350,0.00156230,0.00136980,0.00140370
2022-08-05 02:00:00,0.00142140,0.00143720,0.00135440,0.00138610
2022-08-06 02:00:00,0.00138030,0.00139390,0.00134600,0.00134940
2022-08-07 02:00:00,0.00134620,0.00139390,0.00131780,0.00132460
2022-08-08 02:00:00,0.00131670,0.00136760,0.00131670,0.00134280
2022-08-09 02:00:00,0.00134670,0.00136750,0.00126310,0.00126310
2022-08-10 02:00:00,0.00127700,0.00132630,0.00127020,0.00132630
2022-08-11 02:00:00,0.00132250,0.00134020,0.00130190,0.00130850
2022-08-12 02:00:00,0.00132260,0.00135120,0.00130360,0.00130540
2022-08-13 02:00:00,0.00130750,0.00134010,0.00127500,0.00131270
2022-08-14 02:00:00,0.00129430,0.00134320,0.00128040,0.00129530
2022-08-15 02:00:00,0.00130500,0.00130620,0.00125850,0.00129120
2022-08-16 02:00:00,0.00128000,0.00128480,0.00125750,0.00126160
2022-08-17 02:00:00,0.00126900,0.00127690,0.00119660,0.00121630
2022-08-18 02:00:00,0.00121400,0.00125100,0.00119640,0.00120440
2022-08-19 02:00:00,0.00119830,0.00119830,0.00111690,0.00112110
2022-08-20 02:00:00,0.00111740,0.00115370,0.00108040,0.00110520
2022-08-21 02:00:00,0.00111230,0.00114220,0.00105070,0.00105070
2022-08-22 02:00:00,0.00105010,0.00106350,0.00101510,0.00103490
2022-08-23 02:00:00,0.00103390,0.00109050,0.00101610,0.00106630
2022-08-24 02:00:00,0.00107750,0.00120540,0.00105500,0.00107650
2022-08-25 02:00:00,0.00106470,0.00108740,0.00104140,0.00105160
2022-08-26 02:00:00,0.00106280,0.00107830,0.00102000,0.00106130
2022-08-27 02:00:00,0.00105230,0.00105260,0.00102160,0.00103330
2022-08-28 02:00:00,0.00103300,0.00104720,0.00101980,0.00101980
2022-08-29 02:00:00,0.00102160,0.00120830,0.00097880,0.00105430
2022-08-30 02:00:00,0.00106000,0.00107170,0.00098830,0.00099450
2022-08-31 02:00:00,0.00099910,0.00100910,0.00096930,0.00099250
2022-09-01 02:00:00,0.00099410,0.00106000,0.00097340,0.00101000
2022-09-02 02:00:00,0.00101350,0.00107990,0.00099950,0.00101620
2022-09-03 02:00:00,0.00100180,0.00101730,0.00099660,0.00101350
2022-09-04 02:00:00,0.00100220,0.00112690,0.00100000,0.00108330
2022-09-05 02:00:00,0.00107150,0.00118690,0.00103490,0.00112440
2022-09-06 02:00:00,0.00112140,0.00116220,0.00106050,0.00110050
2022-09-07 02:00:00,0.00110980,0.00118000,0.00103000,0.00103000
2022-09-08 02:00:00,0.00104000,0.00105440,0.00103540,0.00104300
2022-09-09 02:00:00,0.00104030,0.00114000,0.00103470,0.00106150
2022-09-10 02:00:00,0.00106840,0.00112350,0.00103530,0.00106410
2022-09-11 02:00:00,0.00105630,0.00112550,0.00104790,0.00108000
2022-09-12 02:00:00,0.00108000,0.00108520,0.00102290,0.00104710
2022-09-13 02:00:00,0.00104920,0.00107780,0.00100550,0.00103310
2022-09-14 02:00:00,0.00104000,0.00104090,0.00101360,0.00103140
2022-09-15 02:00:00,0.00102790,0.00111000,0.00102000,0.00109000
2022-09-16 02:00:00,0.00108940,0.00111000,0.00100830,0.00102170
2022-09-17 02:00:00,0.00102030,0.00106210,0.00101330,0.00103430
2022-09-18 02:00:00,0.00102890,0.00105000,0.00100540,0.00102950
2022-09-19 02:00:00,0.00102500,0.00102630,0.00098360,0.00098360
2022-09-20 02:00:00,0.00098900,0.00102420,0.00098590,0.00098920
2022-09-21 02:00:00,0.00099330,0.00108450,0.00097180,0.00098560
2022-09-22 02:00:00,0.00098320,0.00100220,0.00096720,0.00098160
2022-09-23 02:00:00,0.00098310,0.00099950,0.00096360,0.00098300
2022-09-24 02:00:00,0.00098500,0.00098510,0.00095300,0.00097470
2022-09-25 02:00:00,0.00098390,0.00099270,0.00096930,0.00097670
2022-09-26 02:00:00,0.00096890,0.00097110,0.00094500,0.00095340
2022-09-27 02:00:00,0.00095260,0.00095340,0.00093260,0.00095340
2022-09-28 02:00:00,0.00094900,0.00095070,0.00090350,0.00090350
2022-09-29 02:00:00,0.00090740,0.00105000,0.00090740,0.00096000
2022-09-30 02:00:00,0.00096120,0.00096120,0.00092120,0.00093770
2022-10-01 02:00:00,0.00092870,0.00096690,0.00092630,0.00094550
2022-10-02 02:00:00,0.00094450,0.00096200,0.00090560,0.00090610
2022-10-03 02:00:00,0.00090410,0.00094410,0.00090290,0.00092820
2022-10-04 02:00:00,0.00093290,0.00093750,0.00090500,0.00091000
2022-10-05 02:00:00,0.00091150,0.00093010,0.00087470,0.00088060
2022-10-06 02:00:00,0.00088090,0.00091930,0.00087220,0.00089890
2022-10-07 02:00:00,0.00089400,0.00091280,0.00086870,0.00088960
2022-10-08 02:00:00,0.00089010,0.00092740,0.00088940,0.00091580
2022-10-09 02:00:00,0.00091540,0.00091830,0.00090340,0.00090560
2022-10-10 02:00:00,0.00090170,0.00091980,0.00088250,0.00088730
2022-10-11 02:00:00,0.00088800,0.00088800,0.00084600,0.00084600
2022-10-12 02:00:00,0.00084020,0.00086120,0.00083260,0.00083650
2022-10-13 02:00:00,0.00083250,0.00083270,0.00078620,0.00081740
2022-10-14 02:00:00,0.00081270,0.00082320,0.00079040,0.00080840
2022-10-15 02:00:00,0.00080840,0.00107500,0.00079000,0.00083620
2022-10-16 02:00:00,0.00083900,0.00105100,0.00083190,0.00086220
2022-10-17 02:00:00,0.00085230,0.00085690,0.00082300,0.00083730
2022-10-18 02:00:00,0.00083730,0.00083900,0.00079830,0.00080670
2022-10-19 02:00:00,0.00080300,0.00084530,0.00077100,0.00080860
2022-10-20 02:00:00,0.00080640,0.00087120,0.00078730,0.00079550
2022-10-21 02:00:00,0.00079550,0.00085890,0.00079340,0.00081310
2022-10-22 02:00:00,0.00081500,0.00085900,0.00080320,0.00082950
2022-10-23 02:00:00,0.00082780,0.00083860,0.00079210,0.00079210
2022-10-24 02:00:00,0.00079200,0.00080930,0.00079000,0.00079780
2022-10-25 02:00:00,0.00080340,0.00080370,0.00076030,0.00077430
2022-10-26 02:00:00,0.00077530,0.00083550,0.00077290,0.00077780
2022-10-27 02:00:00,0.00077740,0.00086640,0.00077740,0.00082030
2022-10-28 02:00:00,0.00082250,0.00092500,0.00079390,0.00080390
2022-10-29 02:00:00,0.00080400,0.00095000,0.00077450,0.00080870
2022-10-30 02:00:00,0.00080910,0.00092000,0.00076530,0.00076820
2022-10-31 01:00:00,0.00077120,0.00077120,0.00071280,0.00071370
2022-11-01 01:00:00,0.00071930,0.00084000,0.00070530,0.00070760
2022-11-02 01:00:00,0.00071040,0.00071040,0.00068900,0.00069690
2022-11-03 01:00:00,0.00070080,0.00076820,0.00068840,0.00074040
2022-11-04 01:00:00,0.00074110,0.00082080,0.00069830,0.00071930
2022-11-05 01:00:00,0.00071920,0.00090700,0.00071920,0.00075070
2022-11-06 01:00:00,0.00075540,0.00085100,0.00071910,0.00072000
2022-11-07 01:00:00,0.00072570,0.00075210,0.00072210,0.00073150
2022-11-08 01:00:00,0.00072870,0.00073000,0.00059830,0.00062310
2022-11-09 01:00:00,0.00062970,0.00066170,0.00059790,0.00061590
2022-11-10 01:00:00,0.00061760,0.00065770,0.00059440,0.00060790
2022-11-11 01:00:00,0.00060330,0.00061520,0.00057720,0.00059030
2022-11-12 01:00:00,0.00059900,0.00060740,0.00056260,0.00059570
2022-11-13 01:00:00,0.00059720,0.00081940,0.00058630,0.00066770
2022-11-14 01:00:00,0.00067230,0.00074970,0.00063510,0.00065790
2022-11-15 01:00:00,0.00065740,0.00073090,0.00065280,0.00068030
2022-11-16 01:00:00,0.00068280,0.00070260,0.00066050,0.00066370
2022-11-17 01:00:00,0.00066790,0.00068460,0.00066690,0.00067650
2022-11-18 01:00:00,0.00067780,0.00080000,0.00065030,0.00066090
2022-11-19 01:00:00,0.00066180,0.00071320,0.00064660,0.00065930
2022-11-20 01:00:00,0.00065860,0.00103130,0.00065720,0.00071130
2022-11-21 01:00:00,0.00071200,0.00073130,0.00069550,0.00070400
2022-11-22 01:00:00,0.00070100,0.00074880,0.00070040,0.00070600
2022-11-23 01:00:00,0.00070400,0.00070790,0.00064120,0.00065180
2022-11-24 01:00:00,0.00065470,0.00066320,0.00063360,0.00064640
2022-11-25 01:00:00,0.00064200,0.00064900,0.00062880,0.00063020
2022-11-26 01:00:00,0.00063000,0.00066080,0.00060560,0.00065370
2022-11-27 01:00:00,0.00065220,0.00066820,0.00062360,0.00063840
2022-11-28 01:00:00,0.00063600,0.00065730,0.00062890,0.00064700
2022-11-29 01:00:00,0.00065260,0.00078380,0.00062770,0.00063720
2022-11-30 01:00:00,0.00063560,0.00078540,0.00063370,0.00069510
2022-12-01 01:00:00,0.00069110,0.00077460,0.00068430,0.00068850
2022-12-02 01:00:00,0.00068940,0.00071570,0.00068080,0.00071570
2022-12-03 01:00:00,0.00069830,0.00085650,0.00067860,0.00068760
2022-12-04 01:00:00,0.00068990,0.00086340,0.00068520,0.00072020
2022-12-05 01:00:00,0.00072180,0.00075790,0.00070170,0.00072770
2022-12-06 01:00:00,0.00072820,0.00078180,0.00070490,0.00076270
2022-12-07 01:00:00,0.00076830,0.00081290,0.00074300,0.00074920
2022-12-08 01:00:00,0.00074800,0.00081630,0.00073050,0.00075160
2022-12-09 01:00:00,0.00075250,0.00082150,0.00073720,0.00074410
2022-12-10 01:00:00,0.00074730,0.00077220,0.00073660,0.00075570
2022-12-11 01:00:00,0.00075410,0.00075670,0.00073750,0.00074250
2022-12-12 01:00:00,0.00073930,0.00077180,0.00073770,0.00075450
2022-12-13 01:00:00,0.00075540,0.00076960,0.00072000,0.00073910
2022-12-14 01:00:00,0.00073930,0.00077060,0.00073740,0.00075760
2022-12-15 01:00:00,0.00075930,0.00076680,0.00071950,0.00073390
2022-12-16 01:00:00,0.00072800,0.00076670,0.00071420,0.00074400
2022-12-17 01:00:00,0.00074480,0.00075690,0.00070660,0.00071950
2022-12-18 01:00:00,0.00071370,0.00075840,0.00068700,0.00068810
2022-12-19 01:00:00,0.00069410,0.00072090,0.00067570,0.00068370
2022-12-20 01:00:00,0.00068360,0.00069350,0.00067400,0.00068040
2022-12-21 01:00:00,0.00068120,0.00068440,0.00065100,0.00066430
2022-12-22 01:00:00,0.00066260,0.00066490,0.00062810,0.00064410
2022-12-23 01:00:00,0.00063980,0.00064010,0.00061530,0.00061910
2022-12-24 01:00:00,0.00062320,0.00092150,0.00062320,0.00072280
2022-12-25 01:00:00,0.00071180,0.00071760,0.00066480,0.00066900
2022-12-26 01:00:00,0.00066990,0.00070590,0.00066300,0.00068080
2022-12-27 01:00:00,0.00067900,0.00074460,0.00066690,0.00069350
2022-12-28 01:00:00,0.00069730,0.00073970,0.00068010,0.00069630
2022-12-29 01:00:00,0.00069220,0.00069560,0.00066320,0.00066880
2022-12-30 01:00:00,0.00066730,0.00068560,0.00065080,0.00065990
2022-12-31 01:00:00,0.00065710,0.00067750,0.00065310,0.00066640
2023-01-01 01:00:00,0.00066930,0.00066980,0.00066080,0.00066360
2023-01-02 01:00:00,0.00066560,0.00067760,0.00066030,0.00066340
2023-01-03 01:00:00,0.00066340,0.00068490,0.00065900,0.00067380
2023-01-04 01:00:00,0.00067050,0.00067390,0.00063900,0.00065820
2023-01-05 01:00:00,0.00065400,0.00065400,0.00063750,0.00064250
2023-01-06 01:00:00,0.00063650,0.00065380,0.00063060,0.00064100
2023-01-07 01:00:00,0.00065440,0.00069000,0.00064510,0.00065120
2023-01-08 01:00:00,0.00065230,0.00065240,0.00063400,0.00063890
2023-01-09 01:00:00,0.00063890,0.00066960,0.00063210,0.00064230
2023-01-10 01:00:00,0.00064240,0.00066900,0.00062850,0.00063000
2023-01-11 01:00:00,0.00063640,0.00068200,0.00062460,0.00063200
2023-01-12 01:00:00,0.00063720,0.00063880,0.00061460,0.00062150
2023-01-13 01:00:00,0.00062420,0.00065800,0.00061650,0.00064560
2023-01-14 01:00:00,0.00064280,0.00064520,0.00061060,0.00062810
2023-01-15 01:00:00,0.00063070,0.00066680,0.00061860,0.00064700
2023-01-16 01:00:00,0.00065770,0.00068080,0.00064150,0.00065710
2023-01-17 01:00:00,0.00066000,0.00074940,0.00064930,0.00071470
2023-01-18 01:00:00,0.00071850,0.00071890,0.00064150,0.00064150
2023-01-19 01:00:00,0.00065050,0.00078900,0.00064350,0.00073940
2023-01-20 01:00:00,0.00071740,0.00078900,0.00070520,0.00071600
2023-01-21 01:00:00,0.00071720,0.00076540,0.00070290,0.00070290
2023-01-22 01:00:00,0.00071440,0.00087570,0.00069570,0.00079210
2023-01-23 01:00:00,0.00079760,0.00088410,0.00077380,0.00078450
2023-01-24 01:00:00,0.00078370,0.00080560,0.00071940,0.00073990
2023-01-25 01:00:00,0.00074130,0.00076850,0.00072540,0.00076570
2023-01-26 01:00:00,0.00076010,0.00077620,0.00074730,0.00075490
2023-01-27 01:00:00,0.00075410,0.00087460,0.00073570,0.00081560
2023-01-28 01:00:00,0.00081320,0.00082580,0.00076410,0.00078470
2023-01-29 01:00:00,0.00078470,0.00101800,0.00076620,0.00089950
2023-01-30 01:00:00,0.00090670,0.00115720,0.00088850,0.00095720
2023-01-31 01:00:00,0.00095820,0.00104620,0.00088250,0.00093100
2023-02-01 01:00:00,0.00093320,0.00101450,0.00086550,0.00100700
2023-02-02 01:00:00,0.00101160,0.00124000,0.00094100,0.00103000
2023-02-03 01:00:00,0.00103080,0.00114580,0.00099550,0.00106190
2023-02-04 01:00:00,0.00105420,0.00107030,0.00098920,0.00098920
2023-02-05 01:00:00,0.00098880,0.00111110,0.00094260,0.00098080
2023-02-06 01:00:00,0.00099220,0.00140840,0.00099220,0.00117630
2023-02-07 01:00:00,0.00119540,0.00128420,0.00111820,0.00120740
2023-02-08 01:00:00,0.00120330,0.00140910,0.00108530,0.00120140
2023-02-09 01:00:00,0.00120560,0.00127580,0.00107140,0.00111870
2023-02-10 01:00:00,0.00112530,0.00112580,0.00097070,0.00100380
2023-02-11 01:00:00,0.00100530,0.00106450,0.00098440,0.00101040
2023-02-12 01:00:00,0.00101260,0.00106820,0.00095860,0.00096310
2023-02-13 01:00:00,0.00097450,0.00097460,0.00092600,0.00095370
2023-02-14 01:00:00,0.00095850,0.00107140,0.00095690,0.00102750
2023-02-15 01:00:00,0.00101940,0.00110950,0.00101360,0.00103710
2023-02-16 01:00:00,0.00104590,0.00113430,0.00102050,0.00104050
2023-02-17 01:00:00,0.00105890,0.00113860,0.00102930,0.00104550
2023-02-18 01:00:00,0.00105160,0.00112350,0.00105100,0.00109250
2023-02-19 01:00:00,0.00108740,0.00117600,0.00101580,0.00103810
2023-02-20 01:00:00,0.00104340,0.00118500,0.00102810,0.00111360
2023-02-21 01:00:00,0.00111810,0.00111810,0.00103620,0.00105280
2023-02-22 01:00:00,0.00105280,0.00106400,0.00099390,0.00102520
2023-02-23 01:00:00,0.00103620,0.00105660,0.00100560,0.00104130
2023-02-24 01:00:00,0.00103410,0.00103410,0.00095820,0.00096770
2023-02-25 01:00:00,0.00097170,0.00098860,0.00094330,0.00096980
2023-02-26 01:00:00,0.00097140,0.00099050,0.00094650,0.00095590
2023-02-27 01:00:00,0.00096230,0.00096910,0.00092470,0.00093370
2023-02-28 01:00:00,0.00093750,0.00094710,0.00089480,0.00089760
2023-03-01 01:00:00,0.00089600,0.00095090,0.00089350,0.00093710
2023-03-02 01:00:00,0.00093980,0.00094450,0.00088660,0.00090390
2023-03-03 01:00:00,0.00090470,0.00091240,0.00085260,0.00087470
2023-03-04 01:00:00,0.00088160,0.00089230,0.00081970,0.00084070
2023-03-05 01:00:00,0.00085070,0.00095000,0.00083460,0.00088000
2023-03-06 01:00:00,0.00087700,0.00093250,0.00085300,0.00088120
2023-03-07 01:00:00,0.00088300,0.00098000,0.00088300,0.00093900
2023-03-08 01:00:00,0.00093450,0.00096500,0.00086250,0.00087610
2023-03-09 01:00:00,0.00088050,0.00089600,0.00084560,0.00084800
2023-03-10 01:00:00,0.00084800,0.00085870,0.00078450,0.00082080
2023-03-11 01:00:00,0.00081070,0.00083580,0.00075250,0.00078280
2023-03-12 01:00:00,0.00077650,0.00082920,0.00077090,0.00081120
2023-03-13 01:00:00,0.00080800,0.00082020,0.00074640,0.00079330
2023-03-14 01:00:00,0.00078490,0.00083800,0.00077140,0.00082150
2023-03-15 01:00:00,0.00082160,0.00090000,0.00079800,0.00081960
2023-03-16 01:00:00,0.00081840,0.00083530,0.00076810,0.00079840
2023-03-17 01:00:00,0.00078970,0.00084760,0.00078350,0.00081010
2023-03-18 01:00:00,0.00081770,0.00091180,0.00080090,0.00082590
2023-03-19 01:00:00,0.00082700,0.00091720,0.00082430,0.00086870
2023-03-20 01:00:00,0.00087010,0.00087510,0.00078180,0.00080670
2023-03-21 01:00:00,0.00080850,0.00082290,0.00078830,0.00080450
2023-03-22 01:00:00,0.00080500,0.00081990,0.00075040,0.00077890
2023-03-23 01:00:00,0.00077060,0.00078650,0.00075250,0.00076710
2023-03-24 01:00:00,0.00076430,0.00081060,0.00074440,0.00075600
2023-03-25 01:00:00,0.00075660,0.00078500,0.00075050,0.00077450
2023-03-26 01:00:00,0.00077290,0.00078580,0.00075750,0.00076670
2023-03-27 02:00:00,0.00076060,0.00077120,0.00072210,0.00074000
2023-03-28 02:00:00,0.00074010,0.00076530,0.00073030,0.00075670
2023-03-29 02:00:00,0.00076540,0.00080160,0.00075640,0.00080000
2023-03-30 02:00:00,0.00078640,0.00080290,0.00074000,0.00075420
2023-03-31 02:00:00,0.00075210,0.00078150,0.00073930,0.00076760
2023-04-01 02:00:00,0.00076650,0.00078560,0.00075810,0.00076990
2023-04-02 02:00:00,0.00077070,0.00077180,0.00075420,0.00075500
2023-04-03 02:00:00,0.00075320,0.00076270,0.00073760,0.00075650
2023-04-04 02:00:00,0.00075530,0.00080290,0.00075040,0.00079100
2023-04-05 02:00:00,0.00077960,0.00083910,0.00077690,0.00082620
2023-04-06 02:00:00,0.00082930,0.00085640,0.00078200,0.00080020
2023-04-07 02:00:00,0.00081190,0.00081230,0.00077780,0.00078510
2023-04-08 02:00:00,0.00078510,0.00087650,0.00078270,0.00082750
2023-04-09 02:00:00,0.00082750,0.00092120,0.00082670,0.00085740
2023-04-10 02:00:00,0.00085320,0.00086570,0.00082900,0.00084400
2023-04-11 02:00:00,0.00083940,0.00086170,0.00080530,0.00082190
2023-04-12 02:00:00,0.00083000,0.00083000,0.00078300,0.00080440
2023-04-13 02:00:00,0.00080780,0.00088200,0.00080680,0.00084360
2023-04-14 02:00:00,0.00084710,0.00084710,0.00080870,0.00084220
2023-04-15 02:00:00,0.00084370,0.00084380,0.00081280,0.00081990
2023-04-16 02:00:00,0.00082110,0.00086350,0.00080320,0.00081670
2023-04-17 02:00:00,0.00081120,0.00082380,0.00077550,0.00079870
2023-04-18 02:00:00,0.00079380,0.00083690,0.00079350,0.00083690
2023-04-19 02:00:00,0.00082840,0.00082840,0.00076870,0.00078410
2023-04-20 02:00:00,0.00079310,0.00081540,0.00077250,0.00077300
2023-04-21 02:00:00,0.00077280,0.00077610,0.00073570,0.00073570
2023-04-22 02:00:00,0.00072760,0.00073510,0.00071580,0.00072230
2023-04-23 02:00:00,0.00071970,0.00073100,0.00068500,0.00068910
2023-04-24 02:00:00,0.00069110,0.00070050,0.00068330,0.00069650
2023-04-25 02:00:00,0.00069540,0.00069540,0.00066780,0.00067640
2023-04-26 02:00:00,0.00068970,0.00071230,0.00068790,0.00069970
2023-04-27 02:00:00,0.00070810,0.00071690,0.00069250,0.00069680
2023-04-28 02:00:00,0.00070700,0.00073750,0.00070300,0.00070350
2023-04-29 02:00:00,0.00071420,0.00075180,0.00070700,0.00074630
2023-04-30 02:00:00,0.00073820,0.00078000,0.00069920,0.00069920
2023-05-01 02:00:00,0.00070280,0.00070280,0.00067550,0.00068160
2023-05-02 02:00:00,0.00068210,0.00072620,0.00067990,0.00071210
2023-05-03 02:00:00,0.00071210,0.00071210,0.00068610,0.00070020
2023-05-04 02:00:00,0.00069730,0.00069750,0.00069230,0.00069340
